token,symbol,name,expiry,strike,lotsize,instrumenttype,exch_seg,tick_size
10019,EBBE32INAV,EBBE32INAV,,-1.000000,1,,NSE,1.000000
1008,FACT,FACT,,-1.000000,1,,NSE,5.000000
10074,EMAMIPAP,EMAMIPAP,,-1.000000,1,,NSE,1.000000
10122,MOM100INAV,MOM100INAV,,-1.000000,1,,NSE,1.000000
10130,MON100INAV,MON100INAV,,-1.000000,1,,NSE,1.000000
10188,SHYAMCENT,SHYAMCENT,,-1.000000,1,,NSE,1.000000
10277,NGLFINE,NGLFINE,,-1.000000,1,,NSE,10.000000
10310,AURUM,AURUM,,-1.000000,1,,NSE,1.000000
1041,FINPIPE,FINPIPE,,-1.000000,1,,NSE,1.000000
10447,UNITDSPR,UNITDSPR,,-1.000000,1,,NSE,10.000000
10485,RAMRAT,RAMRAT,,-1.000000,1,,NSE,5.000000
10508,MOHEALTH,MOHEALTH,,-1.000000,1,,NSE,1.000000
10512,CONS,CONS,,-1.000000,1,,NSE,1.000000
10530,SHARDAMOTR,SHARDAMOTR,,-1.000000,1,,NSE,5.000000
10588,SHREEPUSHK,SHREEPUSHK,,-1.000000,1,,NSE,5.000000
10726,INDIAMART,INDIAMART,,-1.000000,1,,NSE,10.000000
10733,SPORTKING,SPORTKING,,-1.000000,1,,NSE,1.000000
10738,OFSS,OFSS,,-1.000000,1,,NSE,50.000000
10753,UNIONBANK,UNIONBANK,,-1.000000,1,,NSE,1.000000
10786,NOIDATOLL,NOIDATOLL,,-1.000000,1,,NSE,1.000000
10876,HDFCSILVER,HDFCSILVER,,-1.000000,1,,NSE,1.000000
10940,DIVISLAB,DIVISLAB,,-1.000000,1,,NSE,50.000000
1100,GARFIBRES,GARFIBRES,,-1.000000,1,,NSE,5.000000
11060,KSOLVES,KSOLVES,,-1.000000,1,,NSE,5.000000
11184,IDFCFIRSTB,IDFCFIRSTB,,-1.000000,1,,NSE,1.000000
11343,AFFLE,AFFLE,,-1.000000,1,,NSE,10.000000
11359,DHANBANK,DHANBANK,,-1.000000,1,,NSE,1.000000
11496,AMBICAAGAR,AMBICAAGAR,,-1.000000,1,,NSE,1.000000
11530,EMIL,EMIL,,-1.000000,1,,NSE,1.000000
11647,KOTARISUG,KOTARISUG,,-1.000000,1,,NSE,1.000000
11699,PATELENG,PATELENG,,-1.000000,1,,NSE,1.000000
11743,JINDALPHOT,JINDALPHOT,,-1.000000,1,,NSE,10.000000
11763,JPPOWER,JPPOWER,,-1.000000,1,,NSE,1.000000
11842,CYBERMEDIA,CYBERMEDIA,,-1.000000,1,,NSE,1.000000
11852,SURYALAXMI,SURYALAXMI,,-1.000000,1,,NSE,1.000000
11864,PRIMESECU,PRIMESECU,,-1.000000,1,,NSE,5.000000
11956,MEDANTA,MEDANTA,,-1.000000,1,,NSE,10.000000
11979,HTMEDIA,HTMEDIA,,-1.000000,1,,NSE,1.000000
12015,AEROENTER,AEROENTER,,-1.000000,1,,NSE,1.000000
12603,PRECAM,PRECAM,,-1.000000,1,,NSE,1.000000
12686,MBAPL,MBAPL,,-1.000000,1,,NSE,5.000000
12847,KRISHANA,KRISHANA,,-1.000000,1,,NSE,5.000000
13101,VIMTALABS,VIMTALABS,,-1.000000,1,,NSE,5.000000
13116,QUICKHEAL,QUICKHEAL,,-1.000000,1,,NSE,1.000000
13121,KERNEX,KERNEX,,-1.000000,1,,NSE,10.000000
1328,MARINE,MARINE,,-1.000000,1,,NSE,1.000000
13359,KFINTECH,KFINTECH,,-1.000000,1,,NSE,5.000000
13436,LOKESHMACH,LOKESHMACH,,-1.000000,1,,NSE,1.000000
13496,PFOCUS,PFOCUS,,-1.000000,1,,NSE,5.000000
13517,EMAMILTD,EMAMILTD,,-1.000000,1,,NSE,5.000000
13572,MANUGRAPH,MANUGRAPH,,-1.000000,1,,NSE,1.000000
1360,HIMATSEIDE,HIMATSEIDE,,-1.000000,1,,NSE,1.000000
13644,BANKADD,BANKADD,,-1.000000,1,,NSE,1.000000
13658,GEECEE,GEECEE,,-1.000000,1,,NSE,5.000000
13671,MADHUCON,MADHUCON,,-1.000000,1,,NSE,1.000000
13689,AERONEU,AERONEU,,-1.000000,1,,NSE,1.000000
13693,INFOMEDIA,INFOMEDIA,,-1.000000,1,,NSE,1.000000
13786,TORNTPOWER,TORNTPOWER,,-1.000000,1,,NSE,10.000000
13791,PARSVNATH,PARSVNATH,,-1.000000,1,,NSE,1.000000
13816,LTFOODS,LTFOODS,,-1.000000,1,,NSE,5.000000
13875,JINDRILL,JINDRILL,,-1.000000,1,,NSE,5.000000
13987,ABSLBANETF,ABSLBANETF,,-1.000000,1,,NSE,1.000000
14019,VEEDOL,VEEDOL,,-1.000000,1,,NSE,10.000000
14064,ASMS,ASMS,,-1.000000,1,,NSE,1.000000
14096,SIYSIL,SIYSIL,,-1.000000,1,,NSE,5.000000
14101,PTL,PTL,,-1.000000,1,,NSE,1.000000
14203,HUBTOWN,HUBTOWN,,-1.000000,1,,NSE,1.000000
14241,HMI150INAV,HMI150INAV,,-1.000000,1,,NSE,1.000000
14334,HSCL,HSCL,,-1.000000,1,,NSE,5.000000
14413,PAGEIND,PAGEIND,,-1.000000,1,,NSE,500.000000
14428,GOLDBEES,GOLDBEES,,-1.000000,1,,NSE,1.000000
14435,JKTYRE,JKTYRE,,-1.000000,1,,NSE,5.000000
14479,DIVGIITTS,DIVGIITTS,,-1.000000,1,,NSE,5.000000
14501,BALAMINES,BALAMINES,,-1.000000,1,,NSE,10.000000
14537,DISHTV,DISHTV,,-1.000000,1,,NSE,1.000000
14667,KMSUGAR,KMSUGAR,,-1.000000,1,,NSE,1.000000
14707,TIMETECHNO,TIMETECHNO,,-1.000000,1,,NSE,1.000000
14732,DLF,DLF,,-1.000000,1,,NSE,5.000000
14762,061NSETEST,061NSETEST,,-1.000000,1,,NSE,5.000000
14900,SAHYADRI,SAHYADRI,,-1.000000,1,,NSE,5.000000
1497,SHIVAMILLS,SHIVAMILLS,,-1.000000,1,,NSE,1.000000
14966,CSBBANK,CSBBANK,,-1.000000,1,,NSE,5.000000
14977,POWERGRID,POWERGRID,,-1.000000,1,,NSE,5.000000
15049,ENERGYDEV,ENERGYDEV,,-1.000000,1,,NSE,1.000000
15254,CEATLTD,CEATLTD,,-1.000000,1,,NSE,10.000000
15266,JKIL,JKIL,,-1.000000,1,,NSE,5.000000
1547,RKEC,RKEC,,-1.000000,1,,NSE,1.000000
15399,EIHAHOTELS,EIHAHOTELS,,-1.000000,1,,NSE,5.000000
1627,LINDEINDIA,LINDEINDIA,,-1.000000,1,,NSE,50.000000
15840,LATTEYS,LATTEYS,,-1.000000,1,,NSE,1.000000
16249,CCAVENUE,CCAVENUE,,-1.000000,1,,NSE,1.000000
166,ANDHRAPAP,ANDHRAPAP,,-1.000000,1,,NSE,1.000000
16589,VAISHALI,VAISHALI,,-1.000000,1,,NSE,1.000000
1663,SUNDROP,SUNDROP,,-1.000000,1,,NSE,5.000000
16705,GOKUL,GOKUL,,-1.000000,1,,NSE,1.000000
16725,RPGLIFE,RPGLIFE,,-1.000000,1,,NSE,10.000000
17181,NEXT50,NEXT50,,-1.000000,1,,NSE,1.000000
17400,NHPC,NHPC,,-1.000000,1,,NSE,1.000000
17507,INCREDIBLE,INCREDIBLE,,-1.000000,1,,NSE,1.000000
17572,LIQUID,LIQUID,,-1.000000,1,,NSE,1.000000
17625,MOLDTECH,MOLDTECH,,-1.000000,1,,NSE,1.000000
17675,ALOKINDS,ALOKINDS,,-1.000000,1,,NSE,1.000000
17758,SARDAEN,SARDAEN,,-1.000000,1,,NSE,5.000000
17822,ICIQ30INAV,ICIQ30INAV,,-1.000000,1,,NSE,1.000000
17963,NESTLEIND,NESTLEIND,,-1.000000,1,,NSE,10.000000
17999,UNITEDTEA,UNITEDTEA,,-1.000000,1,,NSE,5.000000
1802,JYOTISTRUC,JYOTISTRUC,,-1.000000,1,,NSE,1.000000
18026,SBFC,SBFC,,-1.000000,1,,NSE,1.000000
18060,CONCORDBIO,CONCORDBIO,,-1.000000,1,,NSE,10.000000
18096,JUBLFOOD,JUBLFOOD,,-1.000000,1,,NSE,5.000000
18139,DOLPHIN,DOLPHIN,,-1.000000,1,,NSE,5.000000
18142,EMMBI,EMMBI,,-1.000000,1,,NSE,1.000000
18321,LGBBROSLTD,LGBBROSLTD,,-1.000000,1,,NSE,10.000000
18581,KIRLOSBROS,KIRLOSBROS,,-1.000000,1,,NSE,10.000000
18743,SIGNATURE,SIGNATURE,,-1.000000,1,,NSE,5.000000
1901,CUMMINSIND,CUMMINSIND,,-1.000000,1,,NSE,10.000000
18921,VBL,VBL,,-1.000000,1,,NSE,5.000000
19015,MVGJL,MVGJL,,-1.000000,1,,NSE,1.000000
19142,UMESLTD,UMESLTD,,-1.000000,1,,NSE,1.000000
19233,AARTISURF,AARTISURF,,-1.000000,1,,NSE,5.000000
19447,CAPTRUST,CAPTRUST,,-1.000000,1,,NSE,1.000000
19458,PLAZACABLE,PLAZACABLE,,-1.000000,1,,NSE,1.000000
19585,BSE,BSE,,-1.000000,1,,NSE,10.000000
1979,LMW,LMW,,-1.000000,1,,NSE,100.000000
19913,DMART,DMART,,-1.000000,1,,NSE,10.000000
20072,INFRABEES,INFRABEES,,-1.000000,1,,NSE,1.000000
20134,RAMKY,RAMKY,,-1.000000,1,,NSE,5.000000
20188,WABAG,WABAG,,-1.000000,1,,NSE,10.000000
2028,LYKALABS,LYKALABS,,-1.000000,1,,NSE,1.000000
20329,CGCL,CGCL,,-1.000000,1,,NSE,1.000000
20551,DOMS,DOMS,,-1.000000,1,,NSE,10.000000
20607,INOXINDIA,INOXINDIA,,-1.000000,1,,NSE,10.000000
20825,HUDCO,HUDCO,,-1.000000,1,,NSE,1.000000
21001,PSB,PSB,,-1.000000,1,,NSE,1.000000
21017,FMNL,FMNL,,-1.000000,1,,NSE,1.000000
21314,DYNPRO,DYNPRO,,-1.000000,1,,NSE,1.000000
21508,COCHINSHIP,COCHINSHIP,,-1.000000,1,,NSE,10.000000
21614,ABCAPITAL,ABCAPITAL,,-1.000000,1,,NSE,5.000000
21726,MATRIMONY,MATRIMONY,,-1.000000,1,,NSE,5.000000
2181,BOSCHLTD,BOSCHLTD,,-1.000000,1,,NSE,500.000000
220,IEX,IEX,,-1.000000,1,,NSE,1.000000
100,ARE&M,ARE&M,,-1.000000,1,,NSE,5.000000
10028,ICICI2INAV,ICICI2INAV,,-1.000000,1,,NSE,1.000000
10050,ICICI1INAV,ICICI1INAV,,-1.000000,1,,NSE,1.000000
10155,SETF10INAV,SETF10INAV,,-1.000000,1,,NSE,1.000000
10181,BALKRISHNA,BALKRISHNA,,-1.000000,1,,NSE,1.000000
1030,AARON,AARON,,-1.000000,1,,NSE,1.000000
10585,MOM30IETF,MOM30IETF,,-1.000000,1,,NSE,1.000000
10604,BHARTIARTL,BHARTIARTL,,-1.000000,1,,NSE,10.000000
10634,ASAL,ASAL,,-1.000000,1,,NSE,5.000000
10676,MNC,MNC,,-1.000000,1,,NSE,1.000000
1076,ZENSARTECH,ZENSARTECH,,-1.000000,1,,NSE,5.000000
10825,MOVALUE,MOVALUE,,-1.000000,1,,NSE,1.000000
10999,MARUTI,MARUTI,,-1.000000,1,,NSE,100.000000
10993,INDORAMA,INDORAMA,,-1.000000,1,,NSE,1.000000
11226,BAGFILMS,BAGFILMS,,-1.000000,1,,NSE,1.000000
11275,TVTODAY,TVTODAY,,-1.000000,1,,NSE,1.000000
11325,MUKANDLTD,MUKANDLTD,,-1.000000,1,,NSE,1.000000
11403,POONAWALLA,POONAWALLA,,-1.000000,1,,NSE,5.000000
11407,XPROINDIA,XPROINDIA,,-1.000000,1,,NSE,5.000000
11441,LICNETFSEN,LICNETFSEN,,-1.000000,1,,NSE,1.000000
11571,PPLPHARMA,PPLPHARMA,,-1.000000,1,,NSE,1.000000
11582,TRACXN,TRACXN,,-1.000000,1,,NSE,1.000000
11618,ASTRAMICRO,ASTRAMICRO,,-1.000000,1,,NSE,5.000000
1174,GNFC,GNFC,,-1.000000,1,,NSE,5.000000
11705,XCHANGING,XCHANGING,,-1.000000,1,,NSE,1.000000
11798,ALLDIGI,ALLDIGI,,-1.000000,1,,NSE,5.000000
11817,MANGALAM,MANGALAM,,-1.000000,1,,NSE,1.000000
11872,GRANULES,GRANULES,,-1.000000,1,,NSE,5.000000
11884,MANINDS,MANINDS,,-1.000000,1,,NSE,5.000000
11905,GENUSPOWER,GENUSPOWER,,-1.000000,1,,NSE,5.000000
1200,ESG,ESG,,-1.000000,1,,NSE,1.000000
12034,BASML,BASML,,-1.000000,1,,NSE,1.000000
12533,AAATECH,AAATECH,,-1.000000,1,,NSE,1.000000
13081,TRIVENI,TRIVENI,,-1.000000,1,,NSE,5.000000
13285,M&MFIN,M&MFIN,,-1.000000,1,,NSE,5.000000
13310,KEI,KEI,,-1.000000,1,,NSE,50.000000
13332,SOLARINDS,SOLARINDS,,-1.000000,1,,NSE,100.000000
13367,SGL,SGL,,-1.000000,1,,NSE,1.000000
13441,BALPHARMA,BALPHARMA,,-1.000000,1,,NSE,1.000000
13585,ATLANTAA,ATLANTAA,,-1.000000,1,,NSE,1.000000
13631,SKYGOLD,SKYGOLD,,-1.000000,1,,NSE,5.000000
13810,GREENPANEL,GREENPANEL,,-1.000000,1,,NSE,1.000000
13890,HIRECT,HIRECT,,-1.000000,1,,NSE,10.000000
13951,PARACABLES,PARACABLES,,-1.000000,1,,NSE,1.000000
13982,JASH,JASH,,-1.000000,1,,NSE,5.000000
14134,PITTIENG,PITTIENG,,-1.000000,1,,NSE,5.000000
14194,NINSYS,NINSYS,,-1.000000,1,,NSE,5.000000
14223,TIIL,TIIL,,-1.000000,1,,NSE,10.000000
1023,FEDERALBNK,FEDERALBNK,,-1.000000,1,,NSE,5.000000
10227,MANORAMA,MANORAMA,,-1.000000,1,,NSE,10.000000
10238,CONFIPET,CONFIPET,,-1.000000,1,,NSE,1.000000
10515,SENSEXBETA,SENSEXBETA,,-1.000000,1,,NSE,1.000000
1053,UFLEX,UFLEX,,-1.000000,1,,NSE,5.000000
10580,TCI,TCI,,-1.000000,1,,NSE,10.000000
10584,HDFC50INAV,HDFC50INAV,,-1.000000,1,,NSE,1.000000
10618,SADBHIN,SADBHIN,,-1.000000,1,,NSE,1.000000
10619,HDFCNEXT50,HDFCNEXT50,,-1.000000,1,,NSE,1.000000
10633,HDFCNIF100,HDFCNIF100,,-1.000000,1,,NSE,1.000000
10723,INFRAIETF,INFRAIETF,,-1.000000,1,,NSE,1.000000
1085,GABRIEL,GABRIEL,,-1.000000,1,,NSE,5.000000
10905,GENESYS,GENESYS,,-1.000000,1,,NSE,5.000000
10948,STCINDIA,STCINDIA,,-1.000000,1,,NSE,1.000000
11140,SUMIT,SUMIT,,-1.000000,1,,NSE,1.000000
11162,HARSHA,HARSHA,,-1.000000,1,,NSE,5.000000
11223,UCOBANK,UCOBANK,,-1.000000,1,,NSE,1.000000
11364,VAIBHAVGBL,VAIBHAVGBL,,-1.000000,1,,NSE,1.000000
11411,RKFORGE,RKFORGE,,-1.000000,1,,NSE,5.000000
11427,NDTV,NDTV,,-1.000000,1,,NSE,1.000000
11445,PILANIINVS,PILANIINVS,,-1.000000,1,,NSE,10.000000
1145,GIPCL,GIPCL,,-1.000000,1,,NSE,1.000000
11471,EXCELINDUS,EXCELINDUS,,-1.000000,1,,NSE,5.000000
11480,KRIDHANINF,KRIDHANINF,,-1.000000,1,,NSE,1.000000
11491,APARINDS,APARINDS,,-1.000000,1,,NSE,100.000000
11532,ULTRACEMCO,ULTRACEMCO,,-1.000000,1,,NSE,100.000000
11543,COFORGE,COFORGE,,-1.000000,1,,NSE,10.000000
11549,TEXINFRA,TEXINFRA,,-1.000000,1,,NSE,1.000000
11566,DCI,DCI,,-1.000000,1,,NSE,5.000000
11580,WESTLIFE,WESTLIFE,,-1.000000,1,,NSE,5.000000
1164,NEWGEN,NEWGEN,,-1.000000,1,,NSE,5.000000
11627,NARMADA,NARMADA,,-1.000000,1,,NSE,1.000000
11689,SUPRAJIT,SUPRAJIT,,-1.000000,1,,NSE,5.000000
11703,ALKEM,ALKEM,,-1.000000,1,,NSE,50.000000
11804,SUKHJITS,SUKHJITS,,-1.000000,1,,NSE,1.000000
11809,IIFL,IIFL,,-1.000000,1,,NSE,5.000000
11880,JSWHL,JSWHL,,-1.000000,1,,NSE,100.000000
11961,SEMAC,SEMAC,,-1.000000,1,,NSE,1.000000
12018,SUZLON,SUZLON,,-1.000000,1,,NSE,1.000000
1204,PRAXIS,PRAXIS,,-1.000000,1,,NSE,1.000000
12026,RENUKA,RENUKA,,-1.000000,1,,NSE,1.000000
12188,INOXGREEN,INOXGREEN,,-1.000000,1,,NSE,1.000000
1247,GSFC,GSFC,,-1.000000,1,,NSE,1.000000
13072,IIFLCAPS,IIFLCAPS,,-1.000000,1,,NSE,5.000000
13147,PVRINOX,PVRINOX,,-1.000000,1,,NSE,10.000000
13270,JKCEMENT,JKCEMENT,,-1.000000,1,,NSE,50.000000
13423,ELIN,ELIN,,-1.000000,1,,NSE,1.000000
13643,ELECON,ELECON,,-1.000000,1,,NSE,5.000000
13675,NRL,NRL,,-1.000000,1,,NSE,1.000000
13702,VISHWARAJ,VISHWARAJ,,-1.000000,1,,NSE,1.000000
13745,GTLINFRA,GTLINFRA,,-1.000000,1,,NSE,1.000000
1375,HCC,HCC,,-1.000000,1,,NSE,1.000000
13756,SHIVAMAUTO,SHIVAMAUTO,,-1.000000,1,,NSE,1.000000
13776,GESHIP,GESHIP,,-1.000000,1,,NSE,10.000000
13794,BAIDFIN,BAIDFIN,,-1.000000,1,,NSE,1.000000
13796,MANALIPETC,MANALIPETC,,-1.000000,1,,NSE,1.000000
13844,MMFL,MMFL,,-1.000000,1,,NSE,5.000000
14008,AVTNPL,AVTNPL,,-1.000000,1,,NSE,1.000000
14106,AUTOIND,AUTOIND,,-1.000000,1,,NSE,1.000000
1424,HINDZINC,HINDZINC,,-1.000000,1,,NSE,5.000000
14243,HSM250INAV,HSM250INAV,,-1.000000,1,,NSE,1.000000
14304,FSL,FSL,,-1.000000,1,,NSE,1.000000
14319,TFL,TFL,,-1.000000,1,,NSE,1.000000
14329,SMSPHARMA,SMSPHARMA,,-1.000000,1,,NSE,5.000000
14339,GANESHHOU,GANESHHOU,,-1.000000,1,,NSE,5.000000
14440,NAHARSPING,NAHARSPING,,-1.000000,1,,NSE,1.000000
14761,NELCAST,NELCAST,,-1.000000,1,,NSE,1.000000
14784,161NSETEST,161NSETEST,,-1.000000,1,,NSE,5.000000
1491,IFCI,IFCI,,-1.000000,1,,NSE,1.000000
14908,KDDL,KDDL,,-1.000000,1,,NSE,10.000000
14947,MOTILALOFS,MOTILALOFS,,-1.000000,1,,NSE,5.000000
14953,MAG813INAV,MAG813INAV,,-1.000000,1,,NSE,1.000000
14957,MAGNUM,MAGNUM,,-1.000000,1,,NSE,1.000000
15136,KAUSHALYA,KAUSHALYA,,-1.000000,1,,NSE,5.000000
15157,RHL,RHL,,-1.000000,1,,NSE,1.000000
15204,ARIES,ARIES,,-1.000000,1,,NSE,5.000000
15239,BIRLAMONEY,BIRLAMONEY,,-1.000000,1,,NSE,1.000000
15259,RPOWER,RPOWER,,-1.000000,1,,NSE,1.000000
15295,VIRINCHI,VIRINCHI,,-1.000000,1,,NSE,1.000000
15360,NAHARCAP,NAHARCAP,,-1.000000,1,,NSE,1.000000
15391,RACE,RACE,,-1.000000,1,,NSE,1.000000
1576,GILLETTE,GILLETTE,,-1.000000,1,,NSE,50.000000
1581,TARC,TARC,,-1.000000,1,,NSE,1.000000
1624,IOC,IOC,,-1.000000,1,,NSE,1.000000
16657,ANIKINDS,ANIKINDS,,-1.000000,1,,NSE,1.000000
16819,QNIFTY,QNIFTY,,-1.000000,1,,NSE,1.000000
16863,LPDC,LPDC,,-1.000000,1,,NSE,1.000000
17022,MAWANASUG,MAWANASUG,,-1.000000,1,,NSE,1.000000
17186,SHRIPISTON,SHRIPISTON,,-1.000000,1,,NSE,10.000000
17271,SENCO,SENCO,,-1.000000,1,,NSE,5.000000
17313,LLOYDSME,LLOYDSME,,-1.000000,1,,NSE,10.000000
17433,NETWEB,NETWEB,,-1.000000,1,,NSE,10.000000
17438,OIL,OIL,,-1.000000,1,,NSE,5.000000
17527,MAHASTEEL,MAHASTEEL,,-1.000000,1,,NSE,5.000000
17547,AMRUTANJAN,AMRUTANJAN,,-1.000000,1,,NSE,5.000000
17685,GPTINFRA,GPTINFRA,,-1.000000,1,,NSE,1.000000
17691,VIJIFIN,VIJIFIN,,-1.000000,1,,NSE,1.000000
17700,LTGILTBEES,LTGILTBEES,,-1.000000,1,,NSE,1.000000
17778,ATL,ATL,,-1.000000,1,,NSE,1.000000
17794,SOMICONVEY,SOMICONVEY,,-1.000000,1,,NSE,1.000000
17795,TREL,TREL,,-1.000000,1,,NSE,1.000000
17801,LLOYDSENGG,LLOYDSENGG,,-1.000000,1,,NSE,1.000000
17833,AHLUCONT,AHLUCONT,,-1.000000,1,,NSE,5.000000
17875,GODREJPROP,GODREJPROP,,-1.000000,1,,NSE,10.000000
1808,KAJARIACER,KAJARIACER,,-1.000000,1,,NSE,5.000000
1805,KABRAEXTRU,KABRAEXTRU,,-1.000000,1,,NSE,5.000000
18124,DBREALTY,DBREALTY,,-1.000000,1,,NSE,1.000000
1814,KPIL,KPIL,,-1.000000,1,,NSE,10.000000
1826,KAMATHOTEL,KAMATHOTEL,,-1.000000,1,,NSE,1.000000
18279,HDFCLIQUID,HDFCLIQUID,,-1.000000,1,,NSE,1.000000
18347,MIDCAPBETA,MIDCAPBETA,,-1.000000,1,,NSE,1.000000
18353,NIM150INAV,NIM150INAV,,-1.000000,1,,NSE,1.000000
18365,PERSISTENT,PERSISTENT,,-1.000000,1,,NSE,10.000000
18423,RATNAVEER,RATNAVEER,,-1.000000,1,,NSE,1.000000
18553,JLHL,JLHL,,-1.000000,1,,NSE,10.000000
18571,GNA,GNA,,-1.000000,1,,NSE,5.000000
18721,NUVAMA,NUVAMA,,-1.000000,1,,NSE,10.000000
18931,SUNDARAM,SUNDARAM,,-1.000000,1,,NSE,1.000000
18944,KINGFA,KINGFA,,-1.000000,1,,NSE,10.000000
19036,PODDARMENT,PODDARMENT,,-1.000000,1,,NSE,1.000000
19126,KIOCL,KIOCL,,-1.000000,1,,NSE,5.000000
19289,MOM50,MOM50,,-1.000000,1,,NSE,1.000000
19731,GPPL,GPPL,,-1.000000,1,,NSE,1.000000
19867,AMNPLST,AMNPLST,,-1.000000,1,,NSE,1.000000
19943,DEEPAKNTR,DEEPAKNTR,,-1.000000,1,,NSE,10.000000
2004,AHLADA,AHLADA,,-1.000000,1,,NSE,1.000000
2018,LUMAXIND,LUMAXIND,,-1.000000,1,,NSE,50.000000
20182,ASHOKA,ASHOKA,,-1.000000,1,,NSE,1.000000
2029,IRFC,IRFC,,-1.000000,1,,NSE,1.000000
2031,M&M,M&M,,-1.000000,1,,NSE,10.000000
20314,NRAIL,NRAIL,,-1.000000,1,,NSE,5.000000
20321,SHANKARA,SHANKARA,,-1.000000,1,,NSE,1.000000
20413,IOLCP,IOLCP,,-1.000000,1,,NSE,1.000000
20698,SCHAND,SCHAND,,-1.000000,1,,NSE,1.000000
20905,AZAD,AZAD,,-1.000000,1,,NSE,10.000000
2106,MANGLMCEM,MANGLMCEM,,-1.000000,1,,NSE,5.000000
2124,MASTEK,MASTEK,,-1.000000,1,,NSE,10.000000
21334,JYOTICNC,JYOTICNC,,-1.000000,1,,NSE,5.000000
21401,TATAGOLD,TATAGOLD,,-1.000000,1,,NSE,1.000000
21423,MOM100,MOM100,,-1.000000,1,,NSE,1.000000
2144,BDL,BDL,,-1.000000,1,,NSE,10.000000
21690,DIXON,DIXON,,-1.000000,1,,NSE,100.000000
21740,CHOLAHLDNG,CHOLAHLDNG,,-1.000000,1,,NSE,10.000000
21840,DIAMONDYD,DIAMONDYD,,-1.000000,1,,NSE,10.000000
21959,NIFTYBETF,NIFTYBETF,,-1.000000,1,,NSE,1.000000
10017,EBBE31INAV,EBBE31INAV,,-1.000000,1,,NSE,1.000000
10005,DSPQ50INAV,DSPQ50INAV,,-1.000000,1,,NSE,1.000000
10016,EBBE30INAV,EBBE30INAV,,-1.000000,1,,NSE,1.000000
10243,SYNGENE,SYNGENE,,-1.000000,1,,NSE,5.000000
104,SHAREINDIA,SHAREINDIA,,-1.000000,1,,NSE,1.000000
1038,FINCABLES,FINCABLES,,-1.000000,1,,NSE,5.000000
10343,RADHIKAJWE,RADHIKAJWE,,-1.000000,1,,NSE,1.000000
1044,AXISBNKETF,AXISBNKETF,,-1.000000,1,,NSE,1.000000
10583,HDF100INAV,HDF100INAV,,-1.000000,1,,NSE,1.000000
10690,NIFTYQLITY,NIFTYQLITY,,-1.000000,1,,NSE,1.000000
10794,CANBK,CANBK,,-1.000000,1,,NSE,1.000000
1127,GHCL,GHCL,,-1.000000,1,,NSE,5.000000
11236,JSL,JSL,,-1.000000,1,,NSE,5.000000
11241,HDFCGROWTH,HDFCGROWTH,,-1.000000,1,,NSE,1.000000
11297,SIL,SIL,,-1.000000,1,,NSE,1.000000
11423,DATAMATICS,DATAMATICS,,-1.000000,1,,NSE,5.000000
11538,HDFCMOMENT,HDFCMOMENT,,-1.000000,1,,NSE,1.000000
11547,HDFCLOWVOL,HDFCLOWVOL,,-1.000000,1,,NSE,1.000000
11655,JBMA,JBMA,,-1.000000,1,,NSE,5.000000
11667,DWARKESH,DWARKESH,,-1.000000,1,,NSE,1.000000
11782,EVEREADY,EVEREADY,,-1.000000,1,,NSE,5.000000
11821,WELCORP,WELCORP,,-1.000000,1,,NSE,5.000000
11829,SSWL,SSWL,,-1.000000,1,,NSE,1.000000
11868,63MOONS,63MOONS,,-1.000000,1,,NSE,5.000000
11919,MSPL,MSPL,,-1.000000,1,,NSE,1.000000
11932,FUSION,FUSION,,-1.000000,1,,NSE,1.000000
12009,IMPAL,IMPAL,,-1.000000,1,,NSE,10.000000
12108,HDFCPVTBAN,HDFCPVTBAN,,-1.000000,1,,NSE,1.000000
12173,HNDFDS,HNDFDS,,-1.000000,1,,NSE,5.000000
1250,CASTROLIND,CASTROLIND,,-1.000000,1,,NSE,1.000000
1270,AMBUJACEM,AMBUJACEM,,-1.000000,1,,NSE,5.000000
12716,TEAMLEASE,TEAMLEASE,,-1.000000,1,,NSE,10.000000
12842,G1NSETEST,G1NSETEST,,-1.000000,1,,NSE,5.000000
13111,ORIENTCER,ORIENTCER,,-1.000000,1,,NSE,1.000000
13126,REPRO,REPRO,,-1.000000,1,,NSE,5.000000
13182,ROHLTD,ROHLTD,,-1.000000,1,,NSE,5.000000
13211,JAGRAN,JAGRAN,,-1.000000,1,,NSE,1.000000
1338,SDBL,SDBL,,-1.000000,1,,NSE,1.000000
13381,KKCL,KKCL,,-1.000000,1,,NSE,5.000000
13430,KELLTONTEC,KELLTONTEC,,-1.000000,1,,NSE,1.000000
1348,HEROMOTOCO,HEROMOTOCO,,-1.000000,1,,NSE,50.000000
13522,NECCLTD,NECCLTD,,-1.000000,1,,NSE,1.000000
13538,TECHM,TECHM,,-1.000000,1,,NSE,10.000000
13587,ACE,ACE,,-1.000000,1,,NSE,5.000000
13611,IRCTC,IRCTC,,-1.000000,1,,NSE,5.000000
13620,ANANTRAJ,ANANTRAJ,,-1.000000,1,,NSE,5.000000
13648,TALBROAUTO,TALBROAUTO,,-1.000000,1,,NSE,5.000000
13740,SHYAMTEL,SHYAMTEL,,-1.000000,1,,NSE,1.000000
13761,BBL,BBL,,-1.000000,1,,NSE,10.000000
13771,VGL,VGL,,-1.000000,1,,NSE,1.000000
13821,RUCHIRA,RUCHIRA,,-1.000000,1,,NSE,1.000000
13868,AARTIPHARM,AARTIPHARM,,-1.000000,1,,NSE,5.000000
13880,BANCOINDIA,BANCOINDIA,,-1.000000,1,,NSE,5.000000
13966,HBLENGINE,HBLENGINE,,-1.000000,1,,NSE,5.000000
14309,INDIANB,INDIANB,,-1.000000,1,,NSE,5.000000
14361,APOLLOPIPE,APOLLOPIPE,,-1.000000,1,,NSE,5.000000
14418,ASTRAL,ASTRAL,,-1.000000,1,,NSE,10.000000
14518,ABSLLIQUID,ABSLLIQUID,,-1.000000,1,,NSE,1.000000
14523,ICRA,ICRA,,-1.000000,1,,NSE,50.000000
14547,NDLVENTURE,NDLVENTURE,,-1.000000,1,,NSE,1.000000
14584,PSUBNKIETF,PSUBNKIETF,,-1.000000,1,,NSE,1.000000
14599,GSLSU,GSLSU,,-1.000000,1,,NSE,1.000000
14627,HILTON,HILTON,,-1.000000,1,,NSE,1.000000
1467,AKZOINDIA,AKZOINDIA,,-1.000000,1,,NSE,10.000000
14781,141NSETEST,141NSETEST,,-1.000000,1,,NSE,5.000000
14788,SPARC,SPARC,,-1.000000,1,,NSE,1.000000
1482,IFBAGRO,IFBAGRO,,-1.000000,1,,NSE,5.000000
14828,WSI,WSI,,-1.000000,1,,NSE,1.000000
14924,LAL,LAL,,-1.000000,1,,NSE,1.000000
14942,NAGREEKCAP,NAGREEKCAP,,-1.000000,1,,NSE,1.000000
14972,KSCL,KSCL,,-1.000000,1,,NSE,5.000000
14992,CCCL,CCCL,,-1.000000,1,,NSE,1.000000
15032,PSUBNKBEES,PSUBNKBEES,,-1.000000,1,,NSE,1.000000
15073,BVCL,BVCL,,-1.000000,1,,NSE,1.000000
15129,RGL,RGL,,-1.000000,1,,NSE,1.000000
15141,COLPAL,COLPAL,,-1.000000,1,,NSE,10.000000
15146,JYOTHYLAB,JYOTHYLAB,,-1.000000,1,,NSE,5.000000
15228,UJJIVANSFB,UJJIVANSFB,,-1.000000,1,,NSE,1.000000
15342,SHALPAINTS,SHALPAINTS,,-1.000000,1,,NSE,1.000000
15377,PDMJEPAPER,PDMJEPAPER,,-1.000000,1,,NSE,1.000000
15420,ACL,ACL,,-1.000000,1,,NSE,1.000000
15716,PIGL,PIGL,,-1.000000,1,,NSE,1.000000
1630,IONEXCHANG,IONEXCHANG,,-1.000000,1,,NSE,5.000000
1660,ITC,ITC,,-1.000000,1,,NSE,5.000000
16192,PAVNAIND,PAVNAIND,,-1.000000,1,,NSE,1.000000
1672,HGINFRA,HGINFRA,,-1.000000,1,,NSE,5.000000
1675,ITI,ITI,,-1.000000,1,,NSE,5.000000
16908,TOUCHWOOD,TOUCHWOOD,,-1.000000,1,,NSE,1.000000
16921,20MICRONS,20MICRONS,,-1.000000,1,,NSE,1.000000
17032,THYROCARE,THYROCARE,,-1.000000,1,,NSE,5.000000
17207,ITADD,ITADD,,-1.000000,1,,NSE,1.000000
17263,ARMANFIN,ARMANFIN,,-1.000000,1,,NSE,10.000000
17376,EXCEL,EXCEL,,-1.000000,1,,NSE,1.000000
17397,PREMEXPLN,PREMEXPLN,,-1.000000,1,,NSE,5.000000
17818,LTM,LTM,,-1.000000,1,,NSE,10.000000
18011,WHIRLPOOL,WHIRLPOOL,,-1.000000,1,,NSE,5.000000
18012,VLEGOV,VLEGOV,,-1.000000,1,,NSE,1.000000
18049,MINDTECK,MINDTECK,,-1.000000,1,,NSE,1.000000
18208,ORIENTLTD,ORIENTLTD,,-1.000000,1,,NSE,1.000000
18232,LORDSCHLO,LORDSCHLO,,-1.000000,1,,NSE,1.000000
18292,IVZINGOLD,IVZINGOLD,,-1.000000,1,,NSE,5.000000
1835,KANORICHEM,KANORICHEM,,-1.000000,1,,NSE,1.000000
18391,RBLBANK,RBLBANK,,-1.000000,1,,NSE,5.000000
18431,BIGBLOC,BIGBLOC,,-1.000000,1,,NSE,1.000000
18644,DIAMINESQ,DIAMINESQ,,-1.000000,1,,NSE,1.000000
18659,MARATHON,MARATHON,,-1.000000,1,,NSE,5.000000
18822,ENDURANCE,ENDURANCE,,-1.000000,1,,NSE,10.000000
18889,KSL,KSL,,-1.000000,1,,NSE,5.000000
1922,KOTAKBANK,KOTAKBANK,,-1.000000,1,,NSE,5.000000
19234,LAURUSLABS,LAURUSLABS,,-1.000000,1,,NSE,10.000000
19531,BAJAJCON,BAJAJCON,,-1.000000,1,,NSE,5.000000
19597,IRMENERGY,IRMENERGY,,-1.000000,1,,NSE,1.000000
19599,PRAKASHSTL,PRAKASHSTL,,-1.000000,1,,NSE,1.000000
19686,BLUEJET,BLUEJET,,-1.000000,1,,NSE,5.000000
19705,LIQUIDSBI,LIQUIDSBI,,-1.000000,1,,NSE,1.000000
19761,ADFFOODS,ADFFOODS,,-1.000000,1,,NSE,1.000000
19800,WELINV,WELINV,,-1.000000,1,,NSE,10.000000
19813,HONASA,HONASA,,-1.000000,1,,NSE,5.000000
19878,ESAFSFB,ESAFSFB,,-1.000000,1,,NSE,1.000000
20152,ASKAUTOLTD,ASKAUTOLTD,,-1.000000,1,,NSE,5.000000
20293,TATATECH,TATATECH,,-1.000000,1,,NSE,5.000000
20372,FLAIR,FLAIR,,-1.000000,1,,NSE,5.000000
20425,NACLIND,NACLIND,,-1.000000,1,,NSE,1.000000
20616,SUPERHOUSE,SUPERHOUSE,,-1.000000,1,,NSE,1.000000
20936,KIRLOSENG,KIRLOSENG,,-1.000000,1,,NSE,10.000000
20950,RKDL,RKDL,,-1.000000,1,,NSE,1.000000
2107,STOVEKRAFT,STOVEKRAFT,,-1.000000,1,,NSE,5.000000
21131,TEJASNET,TEJASNET,,-1.000000,1,,NSE,5.000000
21174,CDSL,CDSL,,-1.000000,1,,NSE,10.000000
21275,SUMMITSEC,SUMMITSEC,,-1.000000,1,,NSE,10.000000
21383,PALASHSECU,PALASHSECU,,-1.000000,1,,NSE,1.000000
21392,MAGADSUGAR,MAGADSUGAR,,-1.000000,1,,NSE,5.000000
21428,TATSILV,TATSILV,,-1.000000,1,,NSE,1.000000
21683,BRNL,BRNL,,-1.000000,1,,NSE,1.000000
21794,DAVANGERE,DAVANGERE,,-1.000000,1,,NSE,1.000000
2188,GENCON,GENCON,,-1.000000,1,,NSE,1.000000
14043,SARLAPOLY,SARLAPOLY,,-1.000000,1,,NSE,1.000000
14154,UNOMINDA,UNOMINDA,,-1.000000,1,,NSE,10.000000
14198,TIMKEN,TIMKEN,,-1.000000,1,,NSE,10.000000
14230,HDFCBSE500,HDFCBSE500,,-1.000000,1,,NSE,1.000000
14239,HBS500INAV,HBS500INAV,,-1.000000,1,,NSE,1.000000
14255,REDINGTON,REDINGTON,,-1.000000,1,,NSE,5.000000
14299,PFC,PFC,,-1.000000,1,,NSE,5.000000
14385,POCL,POCL,,-1.000000,1,,NSE,10.000000
14480,GOKULAGRO,GOKULAGRO,,-1.000000,1,,NSE,1.000000
1455,BIRLANU,BIRLANU,,-1.000000,1,,NSE,10.000000
14742,AXSENSEX,AXSENSEX,,-1.000000,1,,NSE,1.000000
14777,121NSETEST,121NSETEST,,-1.000000,1,,NSE,5.000000
14782,151NSETEST,151NSETEST,,-1.000000,1,,NSE,5.000000
14838,DECCANCE,DECCANCE,,-1.000000,1,,NSE,5.000000
14890,AKI,AKI,,-1.000000,1,,NSE,1.000000
15039,CERA,CERA,,-1.000000,1,,NSE,10.000000
15121,SVLL,SVLL,,-1.000000,1,,NSE,5.000000
15161,HITECHCORP,HITECHCORP,,-1.000000,1,,NSE,1.000000
15174,TARIL,TARIL,,-1.000000,1,,NSE,5.000000
15199,MANAKSIA,MANAKSIA,,-1.000000,1,,NSE,1.000000
15209,PPAP,PPAP,,-1.000000,1,,NSE,1.000000
15313,IRB,IRB,,-1.000000,1,,NSE,1.000000
15332,NMDC,NMDC,,-1.000000,1,,NSE,1.000000
15337,RAIN,RAIN,,-1.000000,1,,NSE,1.000000
15343,SADHNANIQ,SADHNANIQ,,-1.000000,1,,NSE,1.000000
15356,GOLDADD,GOLDADD,,-1.000000,1,,NSE,1.000000
15362,VGUARD,VGUARD,,-1.000000,1,,NSE,5.000000
154,APCOTEXIND,APCOTEXIND,,-1.000000,1,,NSE,5.000000
1594,INFY,INFY,,-1.000000,1,,NSE,10.000000
16253,EBBETF0430,EBBETF0430,,-1.000000,1,,NSE,1.000000
16639,KIRIINDUS,KIRIINDUS,,-1.000000,1,,NSE,5.000000
16682,PTCIL,PTCIL,,-1.000000,1,,NSE,100.000000
16807,LOTUSEYE,LOTUSEYE,,-1.000000,1,,NSE,1.000000
16900,DPWIRES,DPWIRES,,-1.000000,1,,NSE,1.000000
17029,PATANJALI,PATANJALI,,-1.000000,1,,NSE,5.000000
17307,AJMERA,AJMERA,,-1.000000,1,,NSE,1.000000
17364,VINATIORGA,VINATIORGA,,-1.000000,1,,NSE,10.000000
17388,ADANIPOWER,ADANIPOWER,,-1.000000,1,,NSE,1.000000
17395,SETF10GILT,SETF10GILT,,-1.000000,1,,NSE,1.000000
17534,MGL,MGL,,-1.000000,1,,NSE,10.000000
17616,PSUBANKADD,PSUBANKADD,,-1.000000,1,,NSE,1.000000
17738,YATHARTH,YATHARTH,,-1.000000,1,,NSE,5.000000
17764,REFEX,REFEX,,-1.000000,1,,NSE,1.000000
17922,GEEKAYWIRE,GEEKAYWIRE,,-1.000000,1,,NSE,1.000000
17939,HINDCOPPER,HINDCOPPER,,-1.000000,1,,NSE,5.000000
17957,MMTC,MMTC,,-1.000000,1,,NSE,1.000000
17987,TRF,TRF,,-1.000000,1,,NSE,5.000000
181,ARENTERP,ARENTERP,,-1.000000,1,,NSE,1.000000
1811,KAKATCEM,KAKATCEM,,-1.000000,1,,NSE,1.000000
18110,VASCONEQ,VASCONEQ,,-1.000000,1,,NSE,1.000000
18220,KECL,KECL,,-1.000000,1,,NSE,1.000000
184,TCPLPACK,TCPLPACK,,-1.000000,1,,NSE,10.000000
18371,NDGL,NDGL,,-1.000000,1,,NSE,10.000000
18422,ASIANHOTNR,ASIANHOTNR,,-1.000000,1,,NSE,5.000000
18543,DIACABS,DIACABS,,-1.000000,1,,NSE,1.000000
18727,MASKINVEST,MASKINVEST,,-1.000000,1,,NSE,1.000000
18783,IDFNIFTYET,IDFNIFTYET,,-1.000000,1,,NSE,1.000000
18827,TARAPUR,TARAPUR,,-1.000000,1,,NSE,1.000000
18962,RAJRATAN,RAJRATAN,,-1.000000,1,,NSE,5.000000
19061,MANAPPURAM,MANAPPURAM,,-1.000000,1,,NSE,5.000000
19111,NBIFIN,NBIFIN,,-1.000000,1,,NSE,10.000000
19113,UDS,UDS,,-1.000000,1,,NSE,1.000000
19218,VALIANTLAB,VALIANTLAB,,-1.000000,1,,NSE,1.000000
1949,KSB,KSB,,-1.000000,1,,NSE,5.000000
19401,BOROLTD,BOROLTD,,-1.000000,1,,NSE,1.000000
19633,ITETF,ITETF,,-1.000000,1,,NSE,1.000000
19931,ORISSAMINE,ORISSAMINE,,-1.000000,1,,NSE,10.000000
20086,CPCAP,CPCAP,,-1.000000,1,,NSE,1.000000
20178,AKSHARCHEM,AKSHARCHEM,,-1.000000,1,,NSE,1.000000
20223,CLEDUCATE,CLEDUCATE,,-1.000000,1,,NSE,1.000000
20242,OBEROIRLTY,OBEROIRLTY,,-1.000000,1,,NSE,10.000000
2043,RAMCOCEM,RAMCOCEM,,-1.000000,1,,NSE,10.000000
20453,APCL,APCL,,-1.000000,1,,NSE,1.000000
20481,WIPL,WIPL,,-1.000000,1,,NSE,1.000000
20874,RBZJEWEL,RBZJEWEL,,-1.000000,1,,NSE,1.000000
2088,MAHSEAMLES,MAHSEAMLES,,-1.000000,1,,NSE,5.000000
20956,SUNCLAY,SUNCLAY,,-1.000000,1,,NSE,10.000000
2112,MARALOVER,MARALOVER,,-1.000000,1,,NSE,1.000000
212,ASHOKLEY,ASHOKLEY,,-1.000000,1,,NSE,1.000000
21247,DIGIDRIVE,DIGIDRIVE,,-1.000000,1,,NSE,1.000000
21339,STEELXIND,STEELXIND,,-1.000000,1,,NSE,1.000000
21427,THEINVEST,THEINVEST,,-1.000000,1,,NSE,1.000000
21469,OPTIEMUS,OPTIEMUS,,-1.000000,1,,NSE,5.000000
21623,APEX,APEX,,-1.000000,1,,NSE,5.000000
21704,DCAL,DCAL,,-1.000000,1,,NSE,1.000000
21749,CAPACITE,CAPACITE,,-1.000000,1,,NSE,1.000000
21770,ICICIGI,ICICIGI,,-1.000000,1,,NSE,10.000000
21957,INDTERRAIN,INDTERRAIN,,-1.000000,1,,NSE,1.000000
22277,WORTHPERI,WORTHPERI,,-1.000000,1,,NSE,1.000000
22477,NOVAAGRI,NOVAAGRI,,-1.000000,1,,NSE,1.000000
22649,PARKHOTELS,PARKHOTELS,,-1.000000,1,,NSE,1.000000
2294,MTNL,MTNL,,-1.000000,1,,NSE,1.000000
23043,RKSWAMY,RKSWAMY,,-1.000000,1,,NSE,1.000000
2320,SMCGLOBAL,SMCGLOBAL,,-1.000000,1,,NSE,1.000000
23402,SRM,SRM,,-1.000000,1,,NSE,5.000000
24190,SYMPHONY,SYMPHONY,,-1.000000,1,,NSE,5.000000
245,ADL,ADL,,-1.000000,1,,NSE,1.000000
24532,FILATEX,FILATEX,,-1.000000,1,,NSE,1.000000
24730,RUBFILA,RUBFILA,,-1.000000,1,,NSE,1.000000
24777,OLAELEC,OLAELEC,,-1.000000,1,,NSE,1.000000
25082,TREEHOUSE,TREEHOUSE,,-1.000000,1,,NSE,1.000000
25447,GROWWLIQID,GROWWLIQID,,-1.000000,1,,NSE,1.000000
25574,SHAKTIPUMP,SHAKTIPUMP,,-1.000000,1,,NSE,5.000000
2562,HUHTAMAKI,HUHTAMAKI,,-1.000000,1,,NSE,1.000000
25597,MANBA,MANBA,,-1.000000,1,,NSE,1.000000
25626,UYFINCORP,UYFINCORP,,-1.000000,1,,NSE,1.000000
25758,GROWWDEFNC,GROWWDEFNC,,-1.000000,1,,NSE,1.000000
25807,LLOYDSENT,LLOYDSENT,,-1.000000,1,,NSE,1.000000
2595,3PLAND,3PLAND,,-1.000000,1,,NSE,1.000000
25941,GODAVARIB,GODAVARIB,,-1.000000,1,,NSE,5.000000
2649,PCBL,PCBL,,-1.000000,1,,NSE,5.000000
27075,LIQUIDPLUS,LIQUIDPLUS,,-1.000000,1,,NSE,1.000000
27969,VMM,VMM,,-1.000000,1,,NSE,1.000000
2829,ANURAS,ANURAS,,-1.000000,1,,NSE,10.000000
2837,RANASUG,RANASUG,,-1.000000,1,,NSE,1.000000
28764,CEWATER,CEWATER,,-1.000000,1,,NSE,5.000000
28805,SANATHAN,SANATHAN,,-1.000000,1,,NSE,5.000000
28913,ROSSELLIND,ROSSELLIND,,-1.000000,1,,NSE,1.000000
28960,UNIMECH,UNIMECH,,-1.000000,1,,NSE,5.000000
29025,INDOFARM,INDOFARM,,-1.000000,1,,NSE,1.000000
29423,MOHITIND,MOHITIND,,-1.000000,1,,NSE,1.000000
29464,NEXT30ADD,NEXT30ADD,,-1.000000,1,,NSE,1.000000
29472,PROTEAN,PROTEAN,,-1.000000,1,,NSE,5.000000
29487,NIBE,NIBE,,-1.000000,1,,NSE,10.000000
29577,NIF100BEES,NIF100BEES,,-1.000000,1,,NSE,1.000000
29678,BAJAJINDEF,BAJAJINDEF,,-1.000000,1,,NSE,1.000000
29731,GUJTHEM,GUJTHEM,,-1.000000,1,,NSE,5.000000
30089,ORIENTCEM,ORIENTCEM,,-1.000000,1,,NSE,1.000000
30121,EQUAL200,EQUAL200,,-1.000000,1,,NSE,1.000000
30290,SBIBPB,SBIBPB,,-1.000000,1,,NSE,1.000000
30549,MOY100INAV,MOY100INAV,,-1.000000,1,,NSE,1.000000
31017,THOMASCOTT,THOMASCOTT,,-1.000000,1,,NSE,5.000000
31415,NBCC,NBCC,,-1.000000,1,,NSE,1.000000
317,BAJFINANCE,BAJFINANCE,,-1.000000,1,,NSE,5.000000
3357,SUPERSPIN,SUPERSPIN,,-1.000000,1,,NSE,1.000000
3396,TAINWALCHM,TAINWALCHM,,-1.000000,1,,NSE,1.000000
3387,SMLMAH,SMLMAH,,-1.000000,1,,NSE,10.000000
359,ROML,ROML,,-1.000000,1,,NSE,1.000000
3715,VLSFINANCE,VLSFINANCE,,-1.000000,1,,NSE,5.000000
3799,WSTCSTPAPR,WSTCSTPAPR,,-1.000000,1,,NSE,5.000000
426,BHARATGEAR,BHARATGEAR,,-1.000000,1,,NSE,1.000000
4244,HDFCAMC,HDFCAMC,,-1.000000,1,,NSE,10.000000
4391,GULFOILLUB,GULFOILLUB,,-1.000000,1,,NSE,10.000000
4421,CREDITACC,CREDITACC,,-1.000000,1,,NSE,10.000000
4529,NEXT50IETF,NEXT50IETF,,-1.000000,1,,NSE,1.000000
474,3MINDIA,3MINDIA,,-1.000000,1,,NSE,500.000000
4656,SBCL,SBCL,,-1.000000,1,,NSE,5.000000
4809,KCPSUGIND,KCPSUGIND,,-1.000000,1,,NSE,1.000000
4838,LIQUIDIETF,LIQUIDIETF,,-1.000000,1,,NSE,1.000000
4847,KIMS,KIMS,,-1.000000,1,,NSE,5.000000
4898,FDC,FDC,,-1.000000,1,,NSE,5.000000
4920,HINDCON,HINDCON,,-1.000000,1,,NSE,1.000000
5114,SGIL,SGIL,,-1.000000,1,,NSE,5.000000
5373,DEVYANI,DEVYANI,,-1.000000,1,,NSE,1.000000
5382,EPIGRAL,EPIGRAL,,-1.000000,1,,NSE,5.000000
5428,TRIGYN,TRIGYN,,-1.000000,1,,NSE,1.000000
5751,SANSERA,SANSERA,,-1.000000,1,,NSE,10.000000
5851,BANKNIFTY1,BANKNIFTY1,,-1.000000,1,,NSE,1.000000
5865,LAGNAM,LAGNAM,,-1.000000,1,,NSE,1.000000
6286,GULPOLY,GULPOLY,,-1.000000,1,,NSE,1.000000
6429,RSSOFTWARE,RSSOFTWARE,,-1.000000,1,,NSE,1.000000
6445,TECHNOE,TECHNOE,,-1.000000,1,,NSE,10.000000
6673,FOODSIN,FOODSIN,,-1.000000,1,,NSE,1.000000
6973,DMCC,DMCC,,-1.000000,1,,NSE,1.000000
6977,ICDSLTD,ICDSLTD,,-1.000000,1,,NSE,1.000000
7074,MAHKTECH,MAHKTECH,,-1.000000,1,,NSE,1.000000
7177,RATEGAIN,RATEGAIN,,-1.000000,1,,NSE,5.000000
756782,KRISHIVAL,KRISHIVAL,,-1.000000,1,,NSE,5.000000
757443,MOTOUR,MOTOUR,,-1.000000,1,,NSE,1.000000
757658,FISCHER,FISCHER,,-1.000000,1,,NSE,1.000000
757781,TOP15IETF,TOP15IETF,,-1.000000,1,,NSE,1.000000
757834,RMDRIP,RMDRIP,,-1.000000,1,,NSE,1.000000
757862,EBGNG,EBGNG,,-1.000000,1,,NSE,5.000000
757953,EUROBOND,EUROBOND,,-1.000000,1,,NSE,1.000000
758150,MBEL,MBEL,,-1.000000,1,,NSE,5.000000
758572,GLOBECIVIL,GLOBECIVIL,,-1.000000,1,,NSE,1.000000
758667,MANUFGBEES,MANUFGBEES,,-1.000000,1,,NSE,1.000000
758863,LAXMIINDIA,LAXMIINDIA,,-1.000000,1,,NSE,1.000000
758889,SGMART,SGMART,,-1.000000,1,,NSE,5.000000
759007,ATLANTAELE,ATLANTAELE,,-1.000000,1,,NSE,5.000000
759084,URBANCO,URBANCO,,-1.000000,1,,NSE,1.000000
759210,TRUALT,TRUALT,,-1.000000,1,,NSE,5.000000
759368,FLEXIADD,FLEXIADD,,-1.000000,1,,NSE,1.000000
759374,MOENERGY,MOENERGY,,-1.000000,1,,NSE,1.000000
759381,MONEYBOXX,MONEYBOXX,,-1.000000,1,,NSE,1.000000
759569,ORKLAINDIA,ORKLAINDIA,,-1.000000,1,,NSE,5.000000
759551,PIRAMALFIN,PIRAMALFIN,,-1.000000,1,,NSE,10.000000
759814,SMALL250,SMALL250,,-1.000000,1,,NSE,1.000000
22347,MACPOWER,MACPOWER,,-1.000000,1,,NSE,5.000000
22428,MAXIND,MAXIND,,-1.000000,1,,NSE,1.000000
22602,PFS,PFS,,-1.000000,1,,NSE,1.000000
22663,JSFB,JSFB,,-1.000000,1,,NSE,5.000000
22717,ENTERO,ENTERO,,-1.000000,1,,NSE,10.000000
22930,PLATIND,PLATIND,,-1.000000,1,,NSE,1.000000
22980,MUKKA,MUKKA,,-1.000000,1,,NSE,1.000000
23365,AQYLON,AQYLON,,-1.000000,1,,NSE,10.000000
23480,SINCLAIR,SINCLAIR,,-1.000000,1,,NSE,1.000000
2388,NELCO,NELCO,,-1.000000,1,,NSE,5.000000
23915,LIQUIDBETF,LIQUIDBETF,,-1.000000,1,,NSE,1.000000
2406,NEULANDLAB,NEULANDLAB,,-1.000000,1,,NSE,100.000000
24067,IXIGO,IXIGO,,-1.000000,1,,NSE,1.000000
24159,AFIL,AFIL,,-1.000000,1,,NSE,1.000000
24217,IVZINNIFTY,IVZINNIFTY,,-1.000000,1,,NSE,1.000000
24374,LIQUIDSHRI,LIQUIDSHRI,,-1.000000,1,,NSE,1.000000
24385,KARMAENG,KARMAENG,,-1.000000,1,,NSE,1.000000
24798,GROWWEV,GROWWEV,,-1.000000,1,,NSE,1.000000
24856,SSDL,SSDL,,-1.000000,1,,NSE,1.000000
24909,INTERARCH,INTERARCH,,-1.000000,1,,NSE,10.000000
24932,GLOBALE,GLOBALE,,-1.000000,1,,NSE,1.000000
2496,ORIENTPPR,ORIENTPPR,,-1.000000,1,,NSE,1.000000
24969,WINDMACHIN,WINDMACHIN,,-1.000000,1,,NSE,5.000000
25157,RVTH,RVTH,,-1.000000,1,,NSE,5.000000
25328,APLLTD,APLLTD,,-1.000000,1,,NSE,5.000000
25426,NORTHARC,NORTHARC,,-1.000000,1,,NSE,5.000000
25503,INDOUS,INDOUS,,-1.000000,1,,NSE,1.000000
25608,INDOTHAI,INDOTHAI,,-1.000000,1,,NSE,5.000000
25643,KRN,KRN,,-1.000000,1,,NSE,5.000000
25744,METAL,METAL,,-1.000000,1,,NSE,1.000000
25892,DBEIL,DBEIL,,-1.000000,1,,NSE,1.000000
25918,OCCLLTD,OCCLLTD,,-1.000000,1,,NSE,1.000000
2709,MTARTECH,MTARTECH,,-1.000000,1,,NSE,10.000000
27107,SPECIALITY,SPECIALITY,,-1.000000,1,,NSE,1.000000
27144,BLACKBUCK,BLACKBUCK,,-1.000000,1,,NSE,5.000000
27176,NTPCGREEN,NTPCGREEN,,-1.000000,1,,NSE,1.000000
27334,SURAKSHA,SURAKSHA,,-1.000000,1,,NSE,5.000000
2868,HITECH,HITECH,,-1.000000,1,,NSE,1.000000
28687,MAMATA,MAMATA,,-1.000000,1,,NSE,5.000000
2885,RELIANCE,RELIANCE,,-1.000000,1,,NSE,10.000000
28906,MAYURUNIQ,MAYURUNIQ,,-1.000000,1,,NSE,5.000000
28952,DUCON,DUCON,,-1.000000,1,,NSE,1.000000
2909,RICOAUTO,RICOAUTO,,-1.000000,1,,NSE,1.000000
2912,RIIL,RIIL,,-1.000000,1,,NSE,5.000000
2963,SAIL,SAIL,,-1.000000,1,,NSE,1.000000
29583,NATCAPSUQ,NATCAPSUQ,,-1.000000,1,,NSE,1.000000
2988,SANDESH,SANDESH,,-1.000000,1,,NSE,5.000000
29758,MSCIINDIA,MSCIINDIA,,-1.000000,1,,NSE,1.000000
30105,GOLD360,GOLD360,,-1.000000,1,,NSE,5.000000
30108,ABFRL,ABFRL,,-1.000000,1,,NSE,1.000000
30392,NIF100IETF,NIF100IETF,,-1.000000,1,,NSE,1.000000
30542,ELM250INAV,ELM250INAV,,-1.000000,1,,NSE,1.000000
3078,SHANTIGEAR,SHANTIGEAR,,-1.000000,1,,NSE,5.000000
30570,GRO250INAV,GRO250INAV,,-1.000000,1,,NSE,1.000000
3066,SESHAPAPER,SESHAPAPER,,-1.000000,1,,NSE,5.000000
31468,LYPSAGEMS,LYPSAGEMS,,-1.000000,1,,NSE,1.000000
31507,JPOLYINVST,JPOLYINVST,,-1.000000,1,,NSE,10.000000
3316,MODISONLTD,MODISONLTD,,-1.000000,1,,NSE,1.000000
3321,SPMLINFRA,SPMLINFRA,,-1.000000,1,,NSE,1.000000
3329,ISGEC,ISGEC,,-1.000000,1,,NSE,5.000000
3339,SUNDARMFIN,SUNDARMFIN,,-1.000000,1,,NSE,50.000000
3389,AGARIND,AGARIND,,-1.000000,1,,NSE,5.000000
342,CAMS,CAMS,,-1.000000,1,,NSE,5.000000
3426,TATAPOWER,TATAPOWER,,-1.000000,1,,NSE,5.000000
3506,TITAN,TITAN,,-1.000000,1,,NSE,10.000000
3509,TNPETRO,TNPETRO,,-1.000000,1,,NSE,1.000000
3530,AXISBPSETF,AXISBPSETF,,-1.000000,1,,NSE,1.000000
3579,UNICHEMLAB,UNICHEMLAB,,-1.000000,1,,NSE,5.000000
3594,UNITECH,UNITECH,,-1.000000,1,,NSE,1.000000
3607,UNIVCABLES,UNIVCABLES,,-1.000000,1,,NSE,5.000000
3626,HEALTHIETF,HEALTHIETF,,-1.000000,1,,NSE,1.000000
3676,VESUVIUS,VESUVIUS,,-1.000000,1,,NSE,5.000000
3694,VINDHYATEL,VINDHYATEL,,-1.000000,1,,NSE,10.000000
3718,VOLTAS,VOLTAS,,-1.000000,1,,NSE,10.000000
3727,ANMOL,ANMOL,,-1.000000,1,,NSE,1.000000
3748,WEIZMANIND,WEIZMANIND,,-1.000000,1,,NSE,1.000000
3766,WHEELS,WHEELS,,-1.000000,1,,NSE,5.000000
395,BEML,BEML,,-1.000000,1,,NSE,10.000000
404,BERGEPAINT,BERGEPAINT,,-1.000000,1,,NSE,5.000000
399,NIACL,NIACL,,-1.000000,1,,NSE,1.000000
3980,TNPL,TNPL,,-1.000000,1,,NSE,1.000000
422,BHARATFORG,BHARATFORG,,-1.000000,1,,NSE,10.000000
4040,EIMCOELECO,EIMCOELECO,,-1.000000,1,,NSE,10.000000
4067,MARICO,MARICO,,-1.000000,1,,NSE,5.000000
4127,SAMBHAAV,SAMBHAAV,,-1.000000,1,,NSE,1.000000
438,BHEL,BHEL,,-1.000000,1,,NSE,5.000000
4235,WENDT,WENDT,,-1.000000,1,,NSE,50.000000
4279,DENORA,DENORA,,-1.000000,1,,NSE,5.000000
4491,BOSCH-HCIL,BOSCH-HCIL,,-1.000000,1,,NSE,10.000000
467,HDFCLIFE,HDFCLIFE,,-1.000000,1,,NSE,5.000000
4693,SHYAMMETL,SHYAMMETL,,-1.000000,1,,NSE,5.000000
4717,GAIL,GAIL,,-1.000000,1,,NSE,1.000000
4732,SKMEGGPROD,SKMEGGPROD,,-1.000000,1,,NSE,1.000000
4843,SNOWMAN,SNOWMAN,,-1.000000,1,,NSE,1.000000
4747,INDNIPPON,INDNIPPON,,-1.000000,1,,NSE,5.000000
4963,ICICIBANK,ICICIBANK,,-1.000000,1,,NSE,10.000000
4986,IRCON,IRCON,,-1.000000,1,,NSE,1.000000
5168,SBIETFCON,SBIETFCON,,-1.000000,1,,NSE,1.000000
5245,AAREYDRUGS,AAREYDRUGS,,-1.000000,1,,NSE,1.000000
5292,PRITIKAUTO,PRITIKAUTO,,-1.000000,1,,NSE,1.000000
5407,CARTRADE,CARTRADE,,-1.000000,1,,NSE,10.000000
5578,ACUTAAS,ACUTAAS,,-1.000000,1,,NSE,10.000000
583,CANFINHOME,CANFINHOME,,-1.000000,1,,NSE,5.000000
5938,MONTECARLO,MONTECARLO,,-1.000000,1,,NSE,5.000000
6278,MEDICAMEQ,MEDICAMEQ,,-1.000000,1,,NSE,5.000000
6353,NIFTYETF,NIFTYETF,,-1.000000,1,,NSE,1.000000
641,DNAMEDIA,DNAMEDIA,,-1.000000,1,,NSE,1.000000
6705,PAYTM,PAYTM,,-1.000000,1,,NSE,10.000000
6718,SAPPHIRE,SAPPHIRE,,-1.000000,1,,NSE,1.000000
676,EXIDEIND,EXIDEIND,,-1.000000,1,,NSE,5.000000
6964,GOCOLORS,GOCOLORS,,-1.000000,1,,NSE,5.000000
7030,ASIANENE,ASIANENE,,-1.000000,1,,NSE,5.000000
7048,HESTERBIO,HESTERBIO,,-1.000000,1,,NSE,10.000000
7374,STAR,STAR,,-1.000000,1,,NSE,5.000000
7390,SUPRIYA,SUPRIYA,,-1.000000,1,,NSE,5.000000
7411,NILASPACES,NILASPACES,,-1.000000,1,,NSE,1.000000
7451,NIFTYADD,NIFTYADD,,-1.000000,1,,NSE,1.000000
7553,NRBBEARING,NRBBEARING,,-1.000000,1,,NSE,5.000000
756038,WAAREERTL,WAAREERTL,,-1.000000,1,,NSE,5.000000
22365,ITIETF,ITIETF,,-1.000000,1,,NSE,1.000000
22415,LOVABLE,LOVABLE,,-1.000000,1,,NSE,1.000000
22440,BANKBETA,BANKBETA,,-1.000000,1,,NSE,1.000000
22524,GILT10BETA,GILT10BETA,,-1.000000,1,,NSE,1.000000
22592,HEALTHADD,HEALTHADD,,-1.000000,1,,NSE,1.000000
2275,IRISDOREME,IRISDOREME,,-1.000000,1,,NSE,1.000000
22824,JUNIPER,JUNIPER,,-1.000000,1,,NSE,1.000000
22901,GOLDCASE,GOLDCASE,,-1.000000,1,,NSE,1.000000
23175,KRYSTAL,KRYSTAL,,-1.000000,1,,NSE,5.000000
23590,GLOSTERLTD,GLOSTERLTD,,-1.000000,1,,NSE,5.000000
23804,BSLGOLDETF,BSLGOLDETF,,-1.000000,1,,NSE,1.000000
24081,TOP100CASE,TOP100CASE,,-1.000000,1,,NSE,1.000000
24225,RELAXO,RELAXO,,-1.000000,1,,NSE,5.000000
24308,ABDL,ABDL,,-1.000000,1,,NSE,5.000000
24461,EVINDIA,EVINDIA,,-1.000000,1,,NSE,1.000000
24524,SBINEQWETF,SBINEQWETF,,-1.000000,1,,NSE,1.000000
24610,AVANTEL,AVANTEL,,-1.000000,1,,NSE,1.000000
2481,ONWARDTEC,ONWARDTEC,,-1.000000,1,,NSE,5.000000
24850,GSEC10INAV,GSEC10INAV,,-1.000000,1,,NSE,1.000000
2492,SILGO,SILGO,,-1.000000,1,,NSE,1.000000
24961,ORIENTTECH,ORIENTTECH,,-1.000000,1,,NSE,5.000000
25049,PREMIERENE,PREMIERENE,,-1.000000,1,,NSE,5.000000
25060,ECOSMOBLTY,ECOSMOBLTY,,-1.000000,1,,NSE,1.000000
25073,RAYMONDLSL,RAYMONDLSL,,-1.000000,1,,NSE,5.000000
25088,ASAHISONG,ASAHISONG,,-1.000000,1,,NSE,1.000000
25171,TOP10ADD,TOP10ADD,,-1.000000,1,,NSE,1.000000
25252,KROSS,KROSS,,-1.000000,1,,NSE,1.000000
25340,VASWANI,VASWANI,,-1.000000,1,,NSE,1.000000
25392,PANAMAPET,PANAMAPET,,-1.000000,1,,NSE,5.000000
25640,LICMFGOLD,LICMFGOLD,,-1.000000,1,,NSE,5.000000
25756,VIKASECO,VIKASECO,,-1.000000,1,,NSE,1.000000
25780,APLAPOLLO,APLAPOLLO,,-1.000000,1,,NSE,10.000000
25996,EMULTIMQ,EMULTIMQ,,-1.000000,1,,NSE,1.000000
263,ATUL,ATUL,,-1.000000,1,,NSE,50.000000
2636,DIVOPPBEES,DIVOPPBEES,,-1.000000,1,,NSE,1.000000
2645,DRCSYSTEMS,DRCSYSTEMS,,-1.000000,1,,NSE,1.000000
27067,VSSL,VSSL,,-1.000000,1,,NSE,5.000000
27079,KPEL,KPEL,,-1.000000,1,,NSE,5.000000
2716,BUTTERFLY,BUTTERFLY,,-1.000000,1,,NSE,5.000000
27297,RTNINDIA,RTNINDIA,,-1.000000,1,,NSE,1.000000
27353,ROSSTECH,ROSSTECH,,-1.000000,1,,NSE,5.000000
2783,JUBLINGREA,JUBLINGREA,,-1.000000,1,,NSE,5.000000
2854,CRAFTSMAN,CRAFTSMAN,,-1.000000,1,,NSE,50.000000
28847,VENTIVE,VENTIVE,,-1.000000,1,,NSE,5.000000
28879,CARRARO,CARRARO,,-1.000000,1,,NSE,5.000000
28969,CONSUMER,CONSUMER,,-1.000000,1,,NSE,1.000000
29008,TVSHLTD,TVSHLTD,,-1.000000,1,,NSE,100.000000
29050,ZUARI,ZUARI,,-1.000000,1,,NSE,1.000000
29452,AGARWALEYE,AGARWALEYE,,-1.000000,1,,NSE,5.000000
29553,NIFTYIETF,NIFTYIETF,,-1.000000,1,,NSE,1.000000
2972,ORIENTELEC,ORIENTELEC,,-1.000000,1,,NSE,1.000000
30023,ATULAUTO,ATULAUTO,,-1.000000,1,,NSE,5.000000
3018,SAURASHCEM,SAURASHCEM,,-1.000000,1,,NSE,1.000000
3045,SBIN,SBIN,,-1.000000,1,,NSE,10.000000
30498,SIL360INAV,SIL360INAV,,-1.000000,1,,NSE,1.000000
30502,MONT50INAV,MONT50INAV,,-1.000000,1,,NSE,1.000000
30574,GRW150INAV,GRW150INAV,,-1.000000,1,,NSE,1.000000
3150,SIEMENS,SIEMENS,,-1.000000,1,,NSE,10.000000
30597,NEXT50INAV,NEXT50INAV,,-1.000000,1,,NSE,1.000000
31163,RHIM,RHIM,,-1.000000,1,,NSE,5.000000
3162,SIMPLEXINF,SIMPLEXINF,,-1.000000,1,,NSE,1.000000
341,BALRAMCHIN,BALRAMCHIN,,-1.000000,1,,NSE,5.000000
3466,TFCILTD,TFCILTD,,-1.000000,1,,NSE,1.000000
3475,THERMAX,THERMAX,,-1.000000,1,,NSE,10.000000
3499,TATASTEEL,TATASTEEL,,-1.000000,1,,NSE,1.000000
3693,GAYAHWS,GAYAHWS,,-1.000000,1,,NSE,1.000000
3813,ARIHANTCAP,ARIHANTCAP,,-1.000000,1,,NSE,1.000000
381,SINTERCOM,SINTERCOM,,-1.000000,1,,NSE,1.000000
3807,VINEETLAB,VINEETLAB,,-1.000000,1,,NSE,1.000000
385,MAHLOG,MAHLOG,,-1.000000,1,,NSE,5.000000
3837,TOKYOPLAST,TOKYOPLAST,,-1.000000,1,,NSE,1.000000
3857,VARROC,VARROC,,-1.000000,1,,NSE,5.000000
3918,NATCOPHARM,NATCOPHARM,,-1.000000,1,,NSE,5.000000
4184,SANGAMIND,SANGAMIND,,-1.000000,1,,NSE,5.000000
4204,MOTHERSON,MOTHERSON,,-1.000000,1,,NSE,1.000000
4378,SENSEXIETF,SENSEXIETF,,-1.000000,1,,NSE,1.000000
4410,JAGSNPHARM,JAGSNPHARM,,-1.000000,1,,NSE,1.000000
4469,ELECTHERM,ELECTHERM,,-1.000000,1,,NSE,5.000000
4481,AARTIDRUGS,AARTIDRUGS,,-1.000000,1,,NSE,5.000000
4598,HERITGFOOD,HERITGFOOD,,-1.000000,1,,NSE,5.000000
48,HAPPSTMNDS,HAPPSTMNDS,,-1.000000,1,,NSE,5.000000
4973,PHARMABEES,PHARMABEES,,-1.000000,1,,NSE,1.000000
5068,SHEMAROO,SHEMAROO,,-1.000000,1,,NSE,1.000000
522,ICICIB22,ICICIB22,,-1.000000,1,,NSE,1.000000
5239,MAHAPEXLTD,MAHAPEXLTD,,-1.000000,1,,NSE,1.000000
5426,NUVOCO,NUVOCO,,-1.000000,1,,NSE,5.000000
5501,YUKEN,YUKEN,,-1.000000,1,,NSE,5.000000
5633,J&KBANK,J&KBANK,,-1.000000,1,,NSE,1.000000
592,GRAPHITE,GRAPHITE,,-1.000000,1,,NSE,5.000000
6051,CYBERTECH,CYBERTECH,,-1.000000,1,,NSE,1.000000
6125,GOODLUCK,GOODLUCK,,-1.000000,1,,NSE,10.000000
6141,PANSARI,PANSARI,,-1.000000,1,,NSE,5.000000
625,ABREL,ABREL,,-1.000000,1,,NSE,10.000000
6302,APOLSINHOT,APOLSINHOT,,-1.000000,1,,NSE,10.000000
637,CHAMBLFERT,CHAMBLFERT,,-1.000000,1,,NSE,5.000000
6596,SONATSOFTW,SONATSOFTW,,-1.000000,1,,NSE,5.000000
6656,POLICYBZR,POLICYBZR,,-1.000000,1,,NSE,10.000000
685,CHOLAFIN,CHOLAFIN,,-1.000000,1,,NSE,10.000000
6843,SMLT,SMLT,,-1.000000,1,,NSE,1.000000
6858,DHRUV,DHRUV,,-1.000000,1,,NSE,1.000000
6943,TARSONS,TARSONS,,-1.000000,1,,NSE,1.000000
7016,SHIVALIK,SHIVALIK,,-1.000000,1,,NSE,5.000000
7227,MAPMYINDIA,MAPMYINDIA,,-1.000000,1,,NSE,10.000000
7254,MEDPLUS,MEDPLUS,,-1.000000,1,,NSE,5.000000
7508,ZENTEC,ZENTEC,,-1.000000,1,,NSE,10.000000
756086,GROWWMOM50,GROWWMOM50,,-1.000000,1,,NSE,1.000000
756827,GROWWSLVR,GROWWSLVR,,-1.000000,1,,NSE,1.000000
756843,ABLBL,ABLBL,,-1.000000,1,,NSE,1.000000
756925,PRIMO,PRIMO,,-1.000000,1,,NSE,1.000000
757049,RAJOOENG,RAJOOENG,,-1.000000,1,,NSE,1.000000
757455,SNXT30BEES,SNXT30BEES,,-1.000000,1,,NSE,1.000000
757767,SAMBHV,SAMBHV,,-1.000000,1,,NSE,1.000000
758551,RAYMONDREL,RAYMONDREL,,-1.000000,1,,NSE,5.000000
758680,REGAAL,REGAAL,,-1.000000,1,,NSE,1.000000
758748,MEIL,MEIL,,-1.000000,1,,NSE,1.000000
759130,ABCOTS,ABCOTS,,-1.000000,1,,NSE,5.000000
759342,PACEDIGITK,PACEDIGITK,,-1.000000,1,,NSE,1.000000
759448,SHREEJISPG,SHREEJISPG,,-1.000000,1,,NSE,5.000000
759466,ELIQUID,ELIQUID,,-1.000000,1,,NSE,1.000000
759752,MODIS,MODIS,,-1.000000,1,,NSE,5.000000
22488,ITBETA,ITBETA,,-1.000000,1,,NSE,1.000000
22675,CAPITALSFB,CAPITALSFB,,-1.000000,1,,NSE,5.000000
2307,MUNJALSHOW,MUNJALSHOW,,-1.000000,1,,NSE,1.000000
23127,SCILAL,SCILAL,,-1.000000,1,,NSE,1.000000
23607,BALUFORGE,BALUFORGE,,-1.000000,1,,NSE,5.000000
23806,ABSLPSE,ABSLPSE,,-1.000000,1,,NSE,1.000000
23855,MIDSMALL,MIDSMALL,,-1.000000,1,,NSE,1.000000
24265,ESTER,ESTER,,-1.000000,1,,NSE,1.000000
24403,ASHIANA,ASHIANA,,-1.000000,1,,NSE,5.000000
2514,OSWALAGRO,OSWALAGRO,,-1.000000,1,,NSE,1.000000
25134,GALAPREC,GALAPREC,,-1.000000,1,,NSE,5.000000
25203,BALAJEE,BALAJEE,,-1.000000,1,,NSE,1.000000
2535,PGHH,PGHH,,-1.000000,1,,NSE,100.000000
25684,JISLDVREQS,JISLDVREQS,,-1.000000,1,,NSE,1.000000
25835,VINCOFE,VINCOFE,,-1.000000,1,,NSE,1.000000
2598,AMJLAND,AMJLAND,,-1.000000,1,,NSE,1.000000
2606,LEMONTREE,LEMONTREE,,-1.000000,1,,NSE,1.000000
2614,HERANBA,HERANBA,,-1.000000,1,,NSE,1.000000
2643,PFIZER,PFIZER,,-1.000000,1,,NSE,50.000000
27084,KMEW,KMEW,,-1.000000,1,,NSE,10.000000
27095,SWANCORP,SWANCORP,,-1.000000,1,,NSE,5.000000
2739,PRSMJOHNSN,PRSMJOHNSN,,-1.000000,1,,NSE,1.000000
27839,SAILIFE,SAILIFE,,-1.000000,1,,NSE,5.000000
28378,IGIL,IGIL,,-1.000000,1,,NSE,5.000000
28859,PROZONER,PROZONER,,-1.000000,1,,NSE,1.000000
29098,DDEVPLSTIK,DDEVPLSTIK,,-1.000000,1,,NSE,5.000000
29224,ONESOURCE,ONESOURCE,,-1.000000,1,,NSE,10.000000
29598,REPCOHOME,REPCOHOME,,-1.000000,1,,NSE,5.000000
29624,AJAXENGG,AJAXENGG,,-1.000000,1,,NSE,5.000000
2987,NAZARA,NAZARA,,-1.000000,1,,NSE,5.000000
30126,GLD360INAV,GLD360INAV,,-1.000000,1,,NSE,5.000000
30274,SILVERCASE,SILVERCASE,,-1.000000,1,,NSE,1.000000
30472,AONELIQUID,AONELIQUID,,-1.000000,1,,NSE,1.000000
3048,SCI,SCI,,-1.000000,1,,NSE,5.000000
30475,MID15INAV,MID15INAV,,-1.000000,1,,NSE,1.000000
30503,EQUA50INAV,EQUA50INAV,,-1.000000,1,,NSE,1.000000
30540,GRWN50INAV,GRWN50INAV,,-1.000000,1,,NSE,1.000000
30577,AONE50INAV,AONE50INAV,,-1.000000,1,,NSE,1.000000
3099,SHREDIGCEM,SHREDIGCEM,,-1.000000,1,,NSE,1.000000
31258,NDL,NDL,,-1.000000,1,,NSE,1.000000
31837,SREEL,SREEL,,-1.000000,1,,NSE,1.000000
3237,JTEKTINDIA,JTEKTINDIA,,-1.000000,1,,NSE,1.000000
3275,TEMBO,TEMBO,,-1.000000,1,,NSE,5.000000
3292,DEEPINDS,DEEPINDS,,-1.000000,1,,NSE,5.000000
3324,SUBROS,SUBROS,,-1.000000,1,,NSE,5.000000
347,BANARBEADS,BANARBEADS,,-1.000000,1,,NSE,1.000000
3586,MOKSH,MOKSH,,-1.000000,1,,NSE,1.000000
3672,SOLARA,SOLARA,,-1.000000,1,,NSE,5.000000
3772,WILLAMAGOR,WILLAMAGOR,,-1.000000,1,,NSE,1.000000
3787,WIPRO,WIPRO,,-1.000000,1,,NSE,1.000000
3812,ZEEL,ZEEL,,-1.000000,1,,NSE,1.000000
3827,ZUARIIND,ZUARIIND,,-1.000000,1,,NSE,5.000000
3892,HATSUN,HATSUN,,-1.000000,1,,NSE,5.000000
393,GLOBE,GLOBE,,-1.000000,1,,NSE,1.000000
3965,REMSONSIND,REMSONSIND,,-1.000000,1,,NSE,1.000000
4041,JAYAGROGN,JAYAGROGN,,-1.000000,1,,NSE,1.000000
3912,KHAITANLTD,KHAITANLTD,,-1.000000,1,,NSE,1.000000
4221,VISAKAIND,VISAKAIND,,-1.000000,1,,NSE,1.000000
4566,RUCHINFRA,RUCHINFRA,,-1.000000,1,,NSE,1.000000
4668,BANKBARODA,BANKBARODA,,-1.000000,1,,NSE,5.000000
4892,SAREGAMA,SAREGAMA,,-1.000000,1,,NSE,5.000000
4911,MADRASFERT,MADRASFERT,,-1.000000,1,,NSE,1.000000
5204,GMDCLTD,GMDCLTD,,-1.000000,1,,NSE,5.000000
5220,BFSI,BFSI,,-1.000000,1,,NSE,1.000000
5265,ALIVUS,ALIVUS,,-1.000000,1,,NSE,5.000000
5313,UGROCAP,UGROCAP,,-1.000000,1,,NSE,1.000000
5352,EXXARO,EXXARO,,-1.000000,1,,NSE,1.000000
5401,NGIL,NGIL,,-1.000000,1,,NSE,1.000000
5475,GRSE,GRSE,,-1.000000,1,,NSE,10.000000
5507,SERVOTECH,SERVOTECH,,-1.000000,1,,NSE,1.000000
5516,JAIPURKURT,JAIPURKURT,,-1.000000,1,,NSE,1.000000
5688,ARCHIES,ARCHIES,,-1.000000,1,,NSE,1.000000
5748,CYIENT,CYIENT,,-1.000000,1,,NSE,5.000000
5782,MASPTOP50,MASPTOP50,,-1.000000,1,,NSE,1.000000
595,CARBORUNIV,CARBORUNIV,,-1.000000,1,,NSE,5.000000
5926,INTELLECT,INTELLECT,,-1.000000,1,,NSE,5.000000
6198,FCL,FCL,,-1.000000,1,,NSE,1.000000
628,CESC,CESC,,-1.000000,1,,NSE,1.000000
6297,HEALTHY,HEALTHY,,-1.000000,1,,NSE,1.000000
6385,CCHHL,CCHHL,,-1.000000,1,,NSE,1.000000
6417,KRITI,KRITI,,-1.000000,1,,NSE,1.000000
6543,GRPLTD,GRPLTD,,-1.000000,1,,NSE,10.000000
6818,LATENTVIEW,LATENTVIEW,,-1.000000,1,,NSE,5.000000
6863,BAJAJHCARE,BAJAJHCARE,,-1.000000,1,,NSE,5.000000
694,CIPLA,CIPLA,,-1.000000,1,,NSE,10.000000
703,DICIND,DICIND,,-1.000000,1,,NSE,5.000000
7053,ACCELYA,ACCELYA,,-1.000000,1,,NSE,10.000000
7169,MICEL,MICEL,,-1.000000,1,,NSE,1.000000
7325,DCMSRIND,DCMSRIND,,-1.000000,1,,NSE,1.000000
7339,ABSLNN50ET,ABSLNN50ET,,-1.000000,1,,NSE,1.000000
7376,HPAL,HPAL,,-1.000000,1,,NSE,1.000000
7457,HAVISHA,HAVISHA,,-1.000000,1,,NSE,1.000000
7560,UNITEDPOLY,UNITEDPOLY,,-1.000000,1,,NSE,1.000000
757014,THELEELA,THELEELA,,-1.000000,1,,NSE,5.000000
757336,AEGISVOPAK,AEGISVOPAK,,-1.000000,1,,NSE,1.000000
756871,ENRIN,ENRIN,,-1.000000,1,,NSE,10.000000
757099,MOMGF,MOMGF,,-1.000000,1,,NSE,1.000000
757102,BELRISE,BELRISE,,-1.000000,1,,NSE,1.000000
757142,EQUAL50,EQUAL50,,-1.000000,1,,NSE,1.000000
757478,SCODATUBES,SCODATUBES,,-1.000000,1,,NSE,1.000000
757791,MOGOLD,MOGOLD,,-1.000000,1,,NSE,5.000000
758173,PROSTARM,PROSTARM,,-1.000000,1,,NSE,1.000000
759048,GKENERGY,GKENERGY,,-1.000000,1,,NSE,1.000000
759169,MWL,MWL,,-1.000000,1,,NSE,5.000000
759311,CRAMC,CRAMC,,-1.000000,1,,NSE,5.000000
759517,MIDWESTLTD,MIDWESTLTD,,-1.000000,1,,NSE,10.000000
759797,EUROPRATIK,EUROPRATIK,,-1.000000,1,,NSE,5.000000
759995,ESENSEX,ESENSEX,,-1.000000,1,,NSE,1.000000
757850,CRIZAC,CRIZAC,,-1.000000,1,,NSE,1.000000
757885,ANTHEM,ANTHEM,,-1.000000,1,,NSE,5.000000
758145,LOTUSDEV,LOTUSDEV,,-1.000000,1,,NSE,1.000000
758675,EFCIL,EFCIL,,-1.000000,1,,NSE,1.000000
758697,GROWWNIFTY,GROWWNIFTY,,-1.000000,1,,NSE,1.000000
759041,IVALUE,IVALUE,,-1.000000,1,,NSE,1.000000
759251,EPACKPEB,EPACKPEB,,-1.000000,1,,NSE,1.000000
759302,NIFTYCASE,NIFTYCASE,,-1.000000,1,,NSE,1.000000
759610,CHOICEGOLD,CHOICEGOLD,,-1.000000,1,,NSE,1.000000
759719,GROWWMC150,GROWWMC150,,-1.000000,1,,NSE,1.000000
759782,TMCV,TMCV,,-1.000000,1,,NSE,5.000000
759885,CHEMICAL,CHEMICAL,,-1.000000,1,,NSE,1.000000
759929,SOLARWORLD,SOLARWORLD,,-1.000000,1,,NSE,1.000000
759978,MSCIADD,MSCIADD,,-1.000000,1,,NSE,1.000000
760073,JAYKAY,JAYKAY,,-1.000000,1,,NSE,1.000000
760224,VIDYAWIRES,VIDYAWIRES,,-1.000000,1,,NSE,1.000000
760259,WAKEFIT,WAKEFIT,,-1.000000,1,,NSE,1.000000
760986,HEALTHCARE,HEALTHCARE,,-1.000000,1,,NSE,1.000000
7791,UNIINFO,UNIINFO,,-1.000000,1,,NSE,1.000000
805,DCM,DCM,,-1.000000,1,,NSE,1.000000
8110,AWL,AWL,,-1.000000,1,,NSE,1.000000
8163,SPENCERS,SPENCERS,,-1.000000,1,,NSE,1.000000
8266,SOFTTECH,SOFTTECH,,-1.000000,1,,NSE,5.000000
881,DRREDDY,DRREDDY,,-1.000000,1,,NSE,10.000000
8953,ELDEHSG,ELDEHSG,,-1.000000,1,,NSE,5.000000
913,EQUITASBNK,EQUITASBNK,,-1.000000,1,,NSE,1.000000
9087,PIXTRANS,PIXTRANS,,-1.000000,1,,NSE,10.000000
9219,TPLPLASTEH,TPLPLASTEH,,-1.000000,1,,NSE,1.000000
9384,CREATIVEYE,CREATIVEYE,,-1.000000,1,,NSE,1.000000
9422,SILVERTUC,SILVERTUC,,-1.000000,1,,NSE,10.000000
9592,VENUSPIPES,VENUSPIPES,,-1.000000,1,,NSE,10.000000
9939,ONEPOINT,ONEPOINT,,-1.000000,1,,NSE,1.000000
760007,EXCELSOFT,EXCELSOFT,,-1.000000,1,,NSE,1.000000
760204,MARKOLINES,MARKOLINES,,-1.000000,1,,NSE,1.000000
760277,MODINATUR,MODINATUR,,-1.000000,1,,NSE,5.000000
760351,PARKHOSPS,PARKHOSPS,,-1.000000,1,,NSE,1.000000
760412,DIVIDEND,DIVIDEND,,-1.000000,1,,NSE,1.000000
760482,TWCGOLDETF,TWCGOLDETF,,-1.000000,1,,NSE,1.000000
761192,KRISHNADEF,KRISHNADEF,,-1.000000,1,,NSE,10.000000
8083,CROWN,CROWN,,-1.000000,1,,NSE,1.000000
822,BANKA,BANKA,,-1.000000,1,,NSE,1.000000
8153,MEGASTAR,MEGASTAR,,-1.000000,1,,NSE,1.000000
8506,MID150BEES,MID150BEES,,-1.000000,1,,NSE,1.000000
8529,GMRP&UI,GMRP&UI,,-1.000000,1,,NSE,1.000000
8596,MSUMI,MSUMI,,-1.000000,1,,NSE,1.000000
919,EIHOTEL,EIHOTEL,,-1.000000,1,,NSE,5.000000
9117,TIPSMUSIC,TIPSMUSIC,,-1.000000,1,,NSE,5.000000
9158,BALAJITELE,BALAJITELE,,-1.000000,1,,NSE,1.000000
9260,ARROWGREEN,ARROWGREEN,,-1.000000,1,,NSE,5.000000
936,DPABHUSHAN,DPABHUSHAN,,-1.000000,1,,NSE,10.000000
940,PGHL,PGHL,,-1.000000,1,,NSE,10.000000
9288,KRITIKA,KRITIKA,,-1.000000,1,,NSE,1.000000
9617,SPLPETRO,SPLPETRO,,-1.000000,1,,NSE,5.000000
9862,WEWIN,WEWIN,,-1.000000,1,,NSE,1.000000
760101,SKFINDUS,SKFINDUS,,-1.000000,1,,NSE,10.000000
760242,PNGSREVA,PNGSREVA,,-1.000000,1,,NSE,5.000000
760325,GOLDBND,GOLDBND,,-1.000000,1,,NSE,1.000000
760356,MIDCAPADD,MIDCAPADD,,-1.000000,1,,NSE,1.000000
760407,ICICIAMC,ICICIAMC,,-1.000000,1,,NSE,10.000000
760726,BHARATCOAL,BHARATCOAL,,-1.000000,1,,NSE,1.000000
760740,AMAGI,AMAGI,,-1.000000,1,,NSE,5.000000
760981,AYE,AYE,,-1.000000,1,,NSE,1.000000
7902,LFIC,LFIC,,-1.000000,1,,NSE,1.000000
7919,BYKE,BYKE,,-1.000000,1,,NSE,1.000000
7929,ZYDUSLIFE,ZYDUSLIFE,,-1.000000,1,,NSE,5.000000
8080,SILVERBEES,SILVERBEES,,-1.000000,1,,NSE,1.000000
8304,PRITI,PRITI,,-1.000000,1,,NSE,1.000000
8469,MITCON,MITCON,,-1.000000,1,,NSE,1.000000
8510,GATEWAY,GATEWAY,,-1.000000,1,,NSE,1.000000
8546,CHALET,CHALET,,-1.000000,1,,NSE,5.000000
8585,NLCINDIA,NLCINDIA,,-1.000000,1,,NSE,5.000000
8842,UMAEXPORTS,UMAEXPORTS,,-1.000000,1,,NSE,1.000000
8954,TTML,TTML,,-1.000000,1,,NSE,1.000000
9039,UFO,UFO,,-1.000000,1,,NSE,1.000000
910,EICHERMOT,EICHERMOT,,-1.000000,1,,NSE,50.000000
9111,ARVINDFASN,ARVINDFASN,,-1.000000,1,,NSE,5.000000
928,ELECTCAST,ELECTCAST,,-1.000000,1,,NSE,1.000000
9348,IOB,IOB,,-1.000000,1,,NSE,1.000000
9539,SAKAR,SAKAR,,-1.000000,1,,NSE,5.000000
9590,POLYCAB,POLYCAB,,-1.000000,1,,NSE,50.000000
9667,MEDICO,MEDICO,,-1.000000,1,,NSE,1.000000
760001,MOSERVICE,MOSERVICE,,-1.000000,1,,NSE,1.000000
760051,GROWWCAPM,GROWWCAPM,,-1.000000,1,,NSE,1.000000
760116,GLOTTIS,GLOTTIS,,-1.000000,1,,NSE,1.000000
760213,LGEINDIA,LGEINDIA,,-1.000000,1,,NSE,10.000000
760300,LEMERITE,LEMERITE,,-1.000000,1,,NSE,5.000000
760328,SILVERBND,SILVERBND,,-1.000000,1,,NSE,1.000000
761197,GKSL,GKSL,,-1.000000,1,,NSE,1.000000
781,DALMIASUG,DALMIASUG,,-1.000000,1,,NSE,5.000000
7780,BCONCEPTS,BCONCEPTS,,-1.000000,1,,NSE,5.000000
7838,NETF,NETF,,-1.000000,1,,NSE,1.000000
7851,RAMCOSYS,RAMCOSYS,,-1.000000,1,,NSE,5.000000
7844,AUTOIETF,AUTOIETF,,-1.000000,1,,NSE,1.000000
7886,MHLXMIRU,MHLXMIRU,,-1.000000,1,,NSE,1.000000
79,ALEMBICLTD,ALEMBICLTD,,-1.000000,1,,NSE,1.000000
7942,SILVERIETF,SILVERIETF,,-1.000000,1,,NSE,1.000000
8077,MIDCAP,MIDCAP,,-1.000000,1,,NSE,1.000000
8342,GSEC5IETF,GSEC5IETF,,-1.000000,1,,NSE,1.000000
8652,VETO,VETO,,-1.000000,1,,NSE,1.000000
8736,PNBGILTS,PNBGILTS,,-1.000000,1,,NSE,1.000000
8944,RITCO,RITCO,,-1.000000,1,,NSE,1.000000
8998,UMIYA-MRO,UMIYA-MRO,,-1.000000,1,,NSE,1.000000
9356,MSTCLTD,MSTCLTD,,-1.000000,1,,NSE,5.000000
955,ESABINDIA,ESABINDIA,,-1.000000,1,,NSE,50.000000
9558,AKSHAR,AKSHAR,,-1.000000,1,,NSE,1.000000
9576,MAHESHWARI,MAHESHWARI,,-1.000000,1,,NSE,1.000000
9652,RELCHEMQ,RELCHEMQ,,-1.000000,1,,NSE,1.000000
9685,TRIDENT,TRIDENT,,-1.000000,1,,NSE,1.000000
9741,PARADEEP,PARADEEP,,-1.000000,1,,NSE,1.000000
9756,EMUDHRA,EMUDHRA,,-1.000000,1,,NSE,5.000000
9867,NEXTMEDIA,NEXTMEDIA,,-1.000000,1,,NSE,1.000000
9889,SMARTLINK,SMARTLINK,,-1.000000,1,,NSE,1.000000
10004,DSPN50INAV,DSPN50INAV,,-1.000000,1,,NSE,1.000000
1011,SCHAEFFLER,SCHAEFFLER,,-1.000000,1,,NSE,10.000000
10021,BBETF0INAV,BBETF0INAV,,-1.000000,1,,NSE,1.000000
10350,CSLFINANCE,CSLFINANCE,,-1.000000,1,,NSE,5.000000
10415,MUTHOOTCAP,MUTHOOTCAP,,-1.000000,1,,NSE,1.000000
10417,DYCL,DYCL,,-1.000000,1,,NSE,5.000000
10440,LUPIN,LUPIN,,-1.000000,1,,NSE,10.000000
10473,POWERMECH,POWERMECH,,-1.000000,1,,NSE,10.000000
10511,NIFTYBETA,NIFTYBETA,,-1.000000,1,,NSE,1.000000
10717,TEAMGTY,TEAMGTY,,-1.000000,1,,NSE,5.000000
10761,SILVERADD,SILVERADD,,-1.000000,1,,NSE,1.000000
10871,GRMOVER,GRMOVER,,-1.000000,1,,NSE,1.000000
10925,GODREJIND,GODREJIND,,-1.000000,1,,NSE,5.000000
10932,RADAAN,RADAAN,,-1.000000,1,,NSE,1.000000
10945,TMB,TMB,,-1.000000,1,,NSE,5.000000
11058,SECURKLOUD,SECURKLOUD,,-1.000000,1,,NSE,1.000000
1110,DANGEE,DANGEE,,-1.000000,1,,NSE,1.000000
11155,CNL,CNL,,-1.000000,1,,NSE,5.000000
1129,GTECJAINX,GTECJAINX,,-1.000000,1,,NSE,1.000000
11256,JAIBALAJI,JAIBALAJI,,-1.000000,1,,NSE,1.000000
11293,UNIENTER,UNIENTER,,-1.000000,1,,NSE,1.000000
11355,PTC,PTC,,-1.000000,1,,NSE,1.000000
11374,TIPSFILMS,TIPSFILMS,,-1.000000,1,,NSE,5.000000
11386,PVTBANIETF,PVTBANIETF,,-1.000000,1,,NSE,1.000000
11399,SALZERELEC,SALZERELEC,,-1.000000,1,,NSE,5.000000
11439,BANKBEES,BANKBEES,,-1.000000,1,,NSE,1.000000
11457,NV20,NV20,,-1.000000,1,,NSE,1.000000
11511,CENTEXT,CENTEXT,,-1.000000,1,,NSE,1.000000
11591,HDFCNIFTY,HDFCNIFTY,,-1.000000,1,,NSE,1.000000
11654,LALPATHLAB,LALPATHLAB,,-1.000000,1,,NSE,10.000000
1168,GMBREW,GMBREW,,-1.000000,1,,NSE,5.000000
1181,GODFRYPHLP,GODFRYPHLP,,-1.000000,1,,NSE,10.000000
11856,SHAHALLOYS,SHAHALLOYS,,-1.000000,1,,NSE,1.000000
11935,SPLIL,SPLIL,,-1.000000,1,,NSE,1.000000
11943,MCLEODRUSS,MCLEODRUSS,,-1.000000,1,,NSE,1.000000
12384,ZIMLAB,ZIMLAB,,-1.000000,1,,NSE,1.000000
13192,ENIL,ENIL,,-1.000000,1,,NSE,1.000000
1333,HDFCBANK,HDFCBANK,,-1.000000,1,,NSE,5.000000
13276,LANDMARK,LANDMARK,,-1.000000,1,,NSE,5.000000
13295,VISASTEEL,VISASTEEL,,-1.000000,1,,NSE,1.000000
1336,HEG,HEG,,-1.000000,1,,NSE,5.000000
13400,BHAGERIA,BHAGERIA,,-1.000000,1,,NSE,1.000000
13404,SUNTV,SUNTV,,-1.000000,1,,NSE,5.000000
13510,AKASH,AKASH,,-1.000000,1,,NSE,1.000000
13511,MUNJALAU,MUNJALAU,,-1.000000,1,,NSE,1.000000
13536,VIDHIING,VIDHIING,,-1.000000,1,,NSE,5.000000
13560,GRINDWELL,GRINDWELL,,-1.000000,1,,NSE,10.000000
1372,HINDCOMPOS,HINDCOMPOS,,-1.000000,1,,NSE,5.000000
13826,SOBHA,SOBHA,,-1.000000,1,,NSE,10.000000
13950,LIQUID1,LIQUID1,,-1.000000,1,,NSE,1.000000
1406,HINDPETRO,HINDPETRO,,-1.000000,1,,NSE,5.000000
14014,LUMAXTECH,LUMAXTECH,,-1.000000,1,,NSE,10.000000
1412,AGI,AGI,,-1.000000,1,,NSE,5.000000
14233,HDFCSML250,HDFCSML250,,-1.000000,1,,NSE,1.000000
14296,VIYASH,VIYASH,,-1.000000,1,,NSE,1.000000
1442,SANOFI,SANOFI,,-1.000000,1,,NSE,10.000000
14535,GOLDBETA,GOLDBETA,,-1.000000,1,,NSE,5.000000
14751,021NSETEST,021NSETEST,,-1.000000,1,,NSE,5.000000
14753,031NSETEST,031NSETEST,,-1.000000,1,,NSE,5.000000
14778,131NSETEST,131NSETEST,,-1.000000,1,,NSE,5.000000
14858,GOLD1,GOLD1,,-1.000000,1,,NSE,1.000000
14871,USK,USK,,-1.000000,1,,NSE,1.000000
14889,ASIANTILES,ASIANTILES,,-1.000000,1,,NSE,1.000000
14894,CENTRALBK,CENTRALBK,,-1.000000,1,,NSE,1.000000
14912,KPRMILL,KPRMILL,,-1.000000,1,,NSE,5.000000
14952,INDOWIND,INDOWIND,,-1.000000,1,,NSE,1.000000
15124,KOLTEPATIL,KOLTEPATIL,,-1.000000,1,,NSE,5.000000
15151,MADHAV,MADHAV,,-1.000000,1,,NSE,1.000000
15271,CORDSCABLE,CORDSCABLE,,-1.000000,1,,NSE,1.000000
15283,KNRCON,KNRCON,,-1.000000,1,,NSE,1.000000
15355,RECLTD,RECLTD,,-1.000000,1,,NSE,5.000000
15380,MANKIND,MANKIND,,-1.000000,1,,NSE,10.000000
15404,ATAM,ATAM,,-1.000000,1,,NSE,1.000000
15419,DPSCLTD,DPSCLTD,,-1.000000,1,,NSE,1.000000
1570,GMMPFAUDLR,GMMPFAUDLR,,-1.000000,1,,NSE,5.000000
1597,INGERRAND,INGERRAND,,-1.000000,1,,NSE,10.000000
15589,AVG,AVG,,-1.000000,1,,NSE,1.000000
1614,FAIRCHEMOR,FAIRCHEMOR,,-1.000000,1,,NSE,5.000000
16675,BAJAJFINSV,BAJAJFINSV,,-1.000000,1,,NSE,10.000000
16696,GHCLTEXTIL,GHCLTEXTIL,,-1.000000,1,,NSE,1.000000
16913,ARTEMISMED,ARTEMISMED,,-1.000000,1,,NSE,1.000000
17053,HMAAGRO,HMAAGRO,,-1.000000,1,,NSE,1.000000
1720,JAYSREETEA,JAYSREETEA,,-1.000000,1,,NSE,1.000000
17256,ALBERTDAVD,ALBERTDAVD,,-1.000000,1,,NSE,5.000000
17333,MHRIL,MHRIL,,-1.000000,1,,NSE,5.000000
17486,EXPLEOSOL,EXPLEOSOL,,-1.000000,1,,NSE,5.000000
17514,SETCO,SETCO,,-1.000000,1,,NSE,1.000000
17603,MAHEPC,MAHEPC,,-1.000000,1,,NSE,1.000000
17651,POKARNA,POKARNA,,-1.000000,1,,NSE,5.000000
17704,QUESS,QUESS,,-1.000000,1,,NSE,1.000000
17722,DEN,DEN,,-1.000000,1,,NSE,1.000000
17839,GILLANDERS,GILLANDERS,,-1.000000,1,,NSE,1.000000
17859,REDTAPE,REDTAPE,,-1.000000,1,,NSE,1.000000
17869,JSWENERGY,JSWENERGY,,-1.000000,1,,NSE,5.000000
18039,ADVENZYMES,ADVENZYMES,,-1.000000,1,,NSE,5.000000
18102,NIFTY1,NIFTY1,,-1.000000,1,,NSE,1.000000
18131,YASHO,YASHO,,-1.000000,1,,NSE,10.000000
18214,TEXMOPIPES,TEXMOPIPES,,-1.000000,1,,NSE,1.000000
18520,CUPID,CUPID,,-1.000000,1,,NSE,5.000000
18562,MITTAL,MITTAL,,-1.000000,1,,NSE,1.000000
18608,ZAGGLE,ZAGGLE,,-1.000000,1,,NSE,1.000000
18755,KALAMANDIR,KALAMANDIR,,-1.000000,1,,NSE,1.000000
19084,ITBEES,ITBEES,,-1.000000,1,,NSE,1.000000
19196,TI,TI,,-1.000000,1,,NSE,5.000000
1923,WEALTH,WEALTH,,-1.000000,1,,NSE,5.000000
1927,LIQUIDETF,LIQUIDETF,,-1.000000,1,,NSE,1.000000
19265,BLISSGVS,BLISSGVS,,-1.000000,1,,NSE,1.000000
19292,TERASOFT,TERASOFT,,-1.000000,1,,NSE,5.000000
19322,HISARMETAL,HISARMETAL,,-1.000000,1,,NSE,1.000000
19410,ROSSARI,ROSSARI,,-1.000000,1,,NSE,5.000000
19496,SECMARK,SECMARK,,-1.000000,1,,NSE,1.000000
19501,TICL,TICL,,-1.000000,1,,NSE,1.000000
19525,IITL,IITL,,-1.000000,1,,NSE,1.000000
19646,MAXESTATES,MAXESTATES,,-1.000000,1,,NSE,5.000000
19679,GOLDIETF,GOLDIETF,,-1.000000,1,,NSE,1.000000
199,MASFIN,MASFIN,,-1.000000,1,,NSE,5.000000
19876,LGHL,LGHL,,-1.000000,1,,NSE,5.000000
19933,EGOLD,EGOLD,,-1.000000,1,,NSE,5.000000
20374,COALINDIA,COALINDIA,,-1.000000,1,,NSE,5.000000
2048,INDIGOPNTS,INDIGOPNTS,,-1.000000,1,,NSE,5.000000
20532,AXISGOLD,AXISGOLD,,-1.000000,1,,NSE,1.000000
2073,VTL,VTL,,-1.000000,1,,NSE,5.000000
20831,MUTHOOTMF,MUTHOOTMF,,-1.000000,1,,NSE,1.000000
20877,PSPPROJECT,PSPPROJECT,,-1.000000,1,,NSE,5.000000
21119,KICL,KICL,,-1.000000,1,,NSE,50.000000
21484,STEL,STEL,,-1.000000,1,,NSE,5.000000
2176,AKG,AKG,,-1.000000,1,,NSE,1.000000
2183,TSFINV,TSFINV,,-1.000000,1,,NSE,5.000000
21951,HFCL,HFCL,,-1.000000,1,,NSE,1.000000
22,ACC,ACC,,-1.000000,1,,NSE,10.000000
10159,ORICONENT,ORICONENT,,-1.000000,1,,NSE,1.000000
10285,AYMSYNTEX,AYMSYNTEX,,-1.000000,1,,NSE,1.000000
10397,JISLJALEQS,JISLJALEQS,,-1.000000,1,,NSE,1.000000
10693,MOMENTUM,MOMENTUM,,-1.000000,1,,NSE,1.000000
10768,OAL,OAL,,-1.000000,1,,NSE,5.000000
10791,NUCLEUS,NUCLEUS,,-1.000000,1,,NSE,5.000000
10793,SYRMA,SYRMA,,-1.000000,1,,NSE,5.000000
10822,MOQUALITY,MOQUALITY,,-1.000000,1,,NSE,1.000000
10865,GVPTECH,GVPTECH,,-1.000000,1,,NSE,1.000000
11027,INFOBEAN,INFOBEAN,,-1.000000,1,,NSE,1.000000
11195,INDIGO,INDIGO,,-1.000000,1,,NSE,10.000000
11233,SUVEN,SUVEN,,-1.000000,1,,NSE,1.000000
11351,PETRONET,PETRONET,,-1.000000,1,,NSE,5.000000
11432,KRITINUT,KRITINUT,,-1.000000,1,,NSE,1.000000
11522,NIITLTD,NIITLTD,,-1.000000,1,,NSE,1.000000
11606,GUFICBIO,GUFICBIO,,-1.000000,1,,NSE,5.000000
11630,NTPC,NTPC,,-1.000000,1,,NSE,5.000000
11860,JKPAPER,JKPAPER,,-1.000000,1,,NSE,5.000000
1196,KANSAINER,KANSAINER,,-1.000000,1,,NSE,1.000000
11965,VIVIMEDLAB,VIVIMEDLAB,,-1.000000,1,,NSE,1.000000
12024,ACI,ACI,,-1.000000,1,,NSE,5.000000
12092,KAYNES,KAYNES,,-1.000000,1,,NSE,10.000000
12153,BBTCL,BBTCL,,-1.000000,1,,NSE,1.000000
1235,GREAVESCOT,GREAVESCOT,,-1.000000,1,,NSE,1.000000
12578,FINIETF,FINIETF,,-1.000000,1,,NSE,1.000000
1267,GUJALKALI,GUJALKALI,,-1.000000,1,,NSE,5.000000
128,ROUTE,ROUTE,,-1.000000,1,,NSE,5.000000
12848,N1NSETEST,N1NSETEST,,-1.000000,1,,NSE,5.000000
13035,SAFARI,SAFARI,,-1.000000,1,,NSE,10.000000
13082,SILVER1,SILVER1,,-1.000000,1,,NSE,1.000000
13143,GSEC10IETF,GSEC10IETF,,-1.000000,1,,NSE,1.000000
13175,NITINSPIN,NITINSPIN,,-1.000000,1,,NSE,5.000000
13197,GSPL,GSPL,,-1.000000,1,,NSE,5.000000
13251,SAKUMA,SAKUMA,,-1.000000,1,,NSE,1.000000
13451,RATNAMANI,RATNAMANI,,-1.000000,1,,NSE,10.000000
13463,PIONEEREMB,PIONEEREMB,,-1.000000,1,,NSE,1.000000
13557,AVONMORE,AVONMORE,,-1.000000,1,,NSE,1.000000
1363,HINDALCO,HINDALCO,,-1.000000,1,,NSE,5.000000
13598,ANTELOPUS,ANTELOPUS,,-1.000000,1,,NSE,5.000000
13725,DCBBANK,DCBBANK,,-1.000000,1,,NSE,1.000000
13735,GLOBALVECT,GLOBALVECT,,-1.000000,1,,NSE,1.000000
13751,NAUKRI,NAUKRI,,-1.000000,1,,NSE,10.000000
13801,SUTLEJTEX,SUTLEJTEX,,-1.000000,1,,NSE,1.000000
13814,KAMOPAINTS,KAMOPAINTS,,-1.000000,1,,NSE,1.000000
13839,DONEAR,DONEAR,,-1.000000,1,,NSE,1.000000
10048,ICICI5INAV,ICICI5INAV,,-1.000000,1,,NSE,1.000000
10099,GODREJCP,GODREJCP,,-1.000000,1,,NSE,10.000000
10110,MAM150INAV,MAM150INAV,,-1.000000,1,,NSE,1.000000
10127,MOM50INAV,MOM50INAV,,-1.000000,1,,NSE,1.000000
10161,SETF50INAV,SETF50INAV,,-1.000000,1,,NSE,1.000000
10300,RAMASTEEL,RAMASTEEL,,-1.000000,1,,NSE,1.000000
10576,NIFTYBEES,NIFTYBEES,,-1.000000,1,,NSE,1.000000
10661,PONNIERODE,PONNIERODE,,-1.000000,1,,NSE,5.000000
10666,PNB,PNB,,-1.000000,1,,NSE,1.000000
10755,APTECHT,APTECHT,,-1.000000,1,,NSE,1.000000
11006,LIQUIDBEES,LIQUIDBEES,,-1.000000,1,,NSE,1.000000
11045,SATIA,SATIA,,-1.000000,1,,NSE,1.000000
11165,COFFEEDAY,COFFEEDAY,,-1.000000,1,,NSE,1.000000
11239,NSIL,NSIL,,-1.000000,1,,NSE,50.000000
11271,DREDGECORP,DREDGECORP,,-1.000000,1,,NSE,5.000000
11301,LUXIND,LUXIND,,-1.000000,1,,NSE,5.000000
1142,GINNIFILA,GINNIFILA,,-1.000000,1,,NSE,1.000000
11435,SPANDANA,SPANDANA,,-1.000000,1,,NSE,5.000000
11483,LT,LT,,-1.000000,1,,NSE,10.000000
1162,GTL,GTL,,-1.000000,1,,NSE,1.000000
11677,INDOCO,INDOCO,,-1.000000,1,,NSE,1.000000
11778,GOKEX,GOKEX,,-1.000000,1,,NSE,5.000000
1186,GLAND,GLAND,,-1.000000,1,,NSE,10.000000
11909,SWELECTES,SWELECTES,,-1.000000,1,,NSE,5.000000
11915,YESBANK,YESBANK,,-1.000000,1,,NSE,1.000000
11992,SYNCOMF,SYNCOMF,,-1.000000,1,,NSE,1.000000
11999,FCSSOFT,FCSSOFT,,-1.000000,1,,NSE,1.000000
1214,DELTAMAGNT,DELTAMAGNT,,-1.000000,1,,NSE,1.000000
12219,RUSTOMJEE,RUSTOMJEE,,-1.000000,1,,NSE,5.000000
12809,HYBRIDFIN,HYBRIDFIN,,-1.000000,1,,NSE,1.000000
13,ABB,ABB,,-1.000000,1,,NSE,50.000000
13057,UNIPARTS,UNIPARTS,,-1.000000,1,,NSE,5.000000
13086,AIAENG,AIAENG,,-1.000000,1,,NSE,10.000000
13091,EKC,EKC,,-1.000000,1,,NSE,1.000000
13106,NAHARINDUS,NAHARINDUS,,-1.000000,1,,NSE,1.000000
1315,GALAXYSURF,GALAXYSURF,,-1.000000,1,,NSE,10.000000
13139,EBBETF0433,EBBETF0433,,-1.000000,1,,NSE,1.000000
13162,CELEBRITY,CELEBRITY,,-1.000000,1,,NSE,1.000000
13198,COMMOIETF,COMMOIETF,,-1.000000,1,,NSE,1.000000
13260,KEC,KEC,,-1.000000,1,,NSE,5.000000
13288,AFSL,AFSL,,-1.000000,1,,NSE,1.000000
13337,GALLANTT,GALLANTT,,-1.000000,1,,NSE,5.000000
13376,UTTAMSUGAR,UTTAMSUGAR,,-1.000000,1,,NSE,1.000000
13414,RSYSTEMS,RSYSTEMS,,-1.000000,1,,NSE,5.000000
13491,JKLAKSHMI,JKLAKSHMI,,-1.000000,1,,NSE,5.000000
136,ANDHRSUGAR,ANDHRSUGAR,,-1.000000,1,,NSE,1.000000
13577,VOLTAMP,VOLTAMP,,-1.000000,1,,NSE,50.000000
13870,KUANTUM,KUANTUM,,-1.000000,1,,NSE,1.000000
14086,IGPL,IGPL,,-1.000000,1,,NSE,5.000000
14116,GANDHITUBE,GANDHITUBE,,-1.000000,1,,NSE,5.000000
14245,TVSSRICHAK,TVSSRICHAK,,-1.000000,1,,NSE,10.000000
14305,OSWALSEEDS,OSWALSEEDS,,-1.000000,1,,NSE,1.000000
14346,ORIENTALTL,ORIENTALTL,,-1.000000,1,,NSE,1.000000
14366,IDEA,IDEA,,-1.000000,1,,NSE,1.000000
14511,BANSWRAS,BANSWRAS,,-1.000000,1,,NSE,1.000000
14557,AROGRANITE,AROGRANITE,,-1.000000,1,,NSE,1.000000
14597,ALPHAGEO,ALPHAGEO,,-1.000000,1,,NSE,1.000000
14607,TGBHOTELS,TGBHOTELS,,-1.000000,1,,NSE,1.000000
14672,NAVINFLUOR,NAVINFLUOR,,-1.000000,1,,NSE,50.000000
14712,HGS,HGS,,-1.000000,1,,NSE,5.000000
14747,011NSETEST,011NSETEST,,-1.000000,1,,NSE,5.000000
14774,111NSETEST,111NSETEST,,-1.000000,1,,NSE,5.000000
14843,VIPCLOTHNG,VIPCLOTHNG,,-1.000000,1,,NSE,1.000000
14853,OMAXE,OMAXE,,-1.000000,1,,NSE,1.000000
14922,PURVA,PURVA,,-1.000000,1,,NSE,1.000000
14937,CIEINDIA,CIEINDIA,,-1.000000,1,,NSE,5.000000
14938,GSEC10YEAR,GSEC10YEAR,,-1.000000,1,,NSE,1.000000
15044,DELTACORP,DELTACORP,,-1.000000,1,,NSE,1.000000
15180,KIRLPNU,KIRLPNU,,-1.000000,1,,NSE,10.000000
15184,BRIGADE,BRIGADE,,-1.000000,1,,NSE,5.000000
15229,LICNFNHGP,LICNFNHGP,,-1.000000,1,,NSE,1.000000
15330,QGOLDHALF,QGOLDHALF,,-1.000000,1,,NSE,1.000000
1593,MGEL,MGEL,,-1.000000,1,,NSE,1.000000
16658,SIGMA,SIGMA,,-1.000000,1,,NSE,1.000000
16713,UBL,UBL,,-1.000000,1,,NSE,10.000000
16777,SILVERAG,SILVERAG,,-1.000000,1,,NSE,1.000000
16822,IKIO,IKIO,,-1.000000,1,,NSE,1.000000
16927,JOCIL,JOCIL,,-1.000000,1,,NSE,1.000000
16959,ALKALI,ALKALI,,-1.000000,1,,NSE,1.000000
1708,JAYBARMARU,JAYBARMARU,,-1.000000,1,,NSE,1.000000
17062,PALREDTEC,PALREDTEC,,-1.000000,1,,NSE,1.000000
17145,AARTECH,AARTECH,,-1.000000,1,,NSE,1.000000
17152,MIDCAPIETF,MIDCAPIETF,,-1.000000,1,,NSE,1.000000
17272,SETFGOLD,SETFGOLD,,-1.000000,1,,NSE,1.000000
17351,SALONA,SALONA,,-1.000000,1,,NSE,5.000000
17358,UTKARSHBNK,UTKARSHBNK,,-1.000000,1,,NSE,1.000000
17641,SUNTECK,SUNTECK,,-1.000000,1,,NSE,5.000000
17702,MIDSELIETF,MIDSELIETF,,-1.000000,1,,NSE,1.000000
17752,SHILPAMED,SHILPAMED,,-1.000000,1,,NSE,5.000000
17808,QUAL30IETF,QUAL30IETF,,-1.000000,1,,NSE,1.000000
1782,KANPRPLA,KANPRPLA,,-1.000000,1,,NSE,1.000000
17903,ABBOTINDIA,ABBOTINDIA,,-1.000000,1,,NSE,500.000000
18118,THANGAMAYL,THANGAMAYL,,-1.000000,1,,NSE,10.000000
18143,JIOFIN,JIOFIN,,-1.000000,1,,NSE,5.000000
18154,HATHWAY,HATHWAY,,-1.000000,1,,NSE,1.000000
18226,MANINFRA,MANINFRA,,-1.000000,1,,NSE,1.000000
18252,SPAL,SPAL,,-1.000000,1,,NSE,5.000000
18268,AEROFLEX,AEROFLEX,,-1.000000,1,,NSE,1.000000
18359,SANDUMA,SANDUMA,,-1.000000,1,,NSE,1.000000
1841,KCP,KCP,,-1.000000,1,,NSE,1.000000
18593,EMSLIMITED,EMSLIMITED,,-1.000000,1,,NSE,5.000000
18652,ICICIPRULI,ICICIPRULI,,-1.000000,1,,NSE,5.000000
18760,YATRA,YATRA,,-1.000000,1,,NSE,1.000000
19279,THEJO,THEJO,,-1.000000,1,,NSE,10.000000
19277,EMAMIREAL,EMAMIREAL,,-1.000000,1,,NSE,1.000000
1937,KREBSBIO,KREBSBIO,,-1.000000,1,,NSE,1.000000
19299,ITDC,ITDC,,-1.000000,1,,NSE,5.000000
19631,PRICOLLTD,PRICOLLTD,,-1.000000,1,,NSE,5.000000
10098,LICN50INAV,LICN50INAV,,-1.000000,1,,NSE,1.000000
10128,MONQ50INAV,MONQ50INAV,,-1.000000,1,,NSE,1.000000
10176,SETFNIF50,SETFNIF50,,-1.000000,1,,NSE,1.000000
10276,KAYA,KAYA,,-1.000000,1,,NSE,5.000000
10321,PKTEA,PKTEA,,-1.000000,1,,NSE,5.000000
10406,STEELCITY,STEELCITY,,-1.000000,1,,NSE,1.000000
10568,RAMAPHO,RAMAPHO,,-1.000000,1,,NSE,1.000000
10578,MPSLTD,MPSLTD,,-1.000000,1,,NSE,10.000000
10637,OLECTRA,OLECTRA,,-1.000000,1,,NSE,5.000000
10893,DBOL,DBOL,,-1.000000,1,,NSE,1.000000
10939,JUNIORBEES,JUNIORBEES,,-1.000000,1,,NSE,1.000000
10990,RADICO,RADICO,,-1.000000,1,,NSE,10.000000
11082,LIBAS,LIBAS,,-1.000000,1,,NSE,1.000000
11220,VARDHACRLC,VARDHACRLC,,-1.000000,1,,NSE,1.000000
11255,HDFCQUAL,HDFCQUAL,,-1.000000,1,,NSE,1.000000
11260,HDFCVALUE,HDFCVALUE,,-1.000000,1,,NSE,1.000000
11262,IGL,IGL,,-1.000000,1,,NSE,1.000000
11287,UPL,UPL,,-1.000000,1,,NSE,5.000000
11309,BALAXI,BALAXI,,-1.000000,1,,NSE,1.000000
11319,LICNETFN50,LICNETFN50,,-1.000000,1,,NSE,1.000000
1139,GICHSGFIN,GICHSGFIN,,-1.000000,1,,NSE,1.000000
1153,GLAXO,GLAXO,,-1.000000,1,,NSE,10.000000
11573,FORCEMOT,FORCEMOT,,-1.000000,1,,NSE,500.000000
11581,GULFPETRO,GULFPETRO,,-1.000000,1,,NSE,1.000000
11593,HDFCSENSEX,HDFCSENSEX,,-1.000000,1,,NSE,1.000000
11626,WELENT,WELENT,,-1.000000,1,,NSE,5.000000
11794,SAKSOFT,SAKSOFT,,-1.000000,1,,NSE,1.000000
11796,HPIL,HPIL,,-1.000000,1,,NSE,1.000000
11813,SHOPERSTOP,SHOPERSTOP,,-1.000000,1,,NSE,5.000000
11896,GEOJITFSL,GEOJITFSL,,-1.000000,1,,NSE,1.000000
11927,NECLIFE,NECLIFE,,-1.000000,1,,NSE,1.000000
11971,GOLDIAM,GOLDIAM,,-1.000000,1,,NSE,5.000000
11983,SASKEN,SASKEN,,-1.000000,1,,NSE,10.000000
12022,AURIONPRO,AURIONPRO,,-1.000000,1,,NSE,5.000000
12124,DOLATALGO,DOLATALGO,,-1.000000,1,,NSE,1.000000
12489,SWSOLAR,SWSOLAR,,-1.000000,1,,NSE,1.000000
12490,VINNY,VINNY,,-1.000000,1,,NSE,1.000000
12635,OSIAHYPER,OSIAHYPER,,-1.000000,1,,NSE,1.000000
12863,V1NSETEST,V1NSETEST,,-1.000000,1,,NSE,5.000000
1289,GFLLIMITED,GFLLIMITED,,-1.000000,1,,NSE,1.000000
12913,SARVESHWAR,SARVESHWAR,,-1.000000,1,,NSE,1.000000
12978,NPBET,NPBET,,-1.000000,1,,NSE,1.000000
13001,DHARMAJ,DHARMAJ,,-1.000000,1,,NSE,1.000000
13168,EBB433INAV,EBB433INAV,,-1.000000,1,,NSE,1.000000
1327,HCL-INSYS,HCL-INSYS,,-1.000000,1,,NSE,1.000000
13218,SULA,SULA,,-1.000000,1,,NSE,1.000000
13290,BLKASHYAP,BLKASHYAP,,-1.000000,1,,NSE,1.000000
13300,NITCO,NITCO,,-1.000000,1,,NSE,1.000000
13305,CENTURYPLY,CENTURYPLY,,-1.000000,1,,NSE,5.000000
13342,VAKRANGEE,VAKRANGEE,,-1.000000,1,,NSE,1.000000
13352,MALUPAPER,MALUPAPER,,-1.000000,1,,NSE,1.000000
13421,EMKAY,EMKAY,,-1.000000,1,,NSE,1.000000
13501,ALLCARGO,ALLCARGO,,-1.000000,1,,NSE,1.000000
13565,RAMANEWS,RAMANEWS,,-1.000000,1,,NSE,1.000000
13710,FIEMIND,FIEMIND,,-1.000000,1,,NSE,10.000000
13720,JHS,JHS,,-1.000000,1,,NSE,1.000000
14139,SBGLP,SBGLP,,-1.000000,1,,NSE,1.000000
14180,NSLNISP,NSLNISP,,-1.000000,1,,NSE,1.000000
14260,PGIL,PGIL,,-1.000000,1,,NSE,10.000000
14286,GOLDETF,GOLDETF,,-1.000000,1,,NSE,1.000000
1465,ACCURACY,ACCURACY,,-1.000000,1,,NSE,1.000000
14562,ZENITHSTL,ZENITHSTL,,-1.000000,1,,NSE,1.000000
14677,GUJAPOLLO,GUJAPOLLO,,-1.000000,1,,NSE,5.000000
14687,GOACARBON,GOACARBON,,-1.000000,1,,NSE,5.000000
14745,ADVANIHOTR,ADVANIHOTR,,-1.000000,1,,NSE,1.000000
14755,041NSETEST,041NSETEST,,-1.000000,1,,NSE,5.000000
14771,TARMAT,TARMAT,,-1.000000,1,,NSE,1.000000
14786,LOWVOL,LOWVOL,,-1.000000,1,,NSE,1.000000
1494,RBA,RBA,,-1.000000,1,,NSE,1.000000
14813,ADSL,ADSL,,-1.000000,1,,NSE,1.000000
15034,BAJAJELEC,BAJAJELEC,,-1.000000,1,,NSE,5.000000
15067,BLAL,BLAL,,-1.000000,1,,NSE,1.000000
1508,ASTERDM,ASTERDM,,-1.000000,1,,NSE,5.000000
1512,INDHOTEL,INDHOTEL,,-1.000000,1,,NSE,5.000000
1521,INDIAGLYCO,INDIAGLYCO,,-1.000000,1,,NSE,5.000000
15347,GSS,GSS,,-1.000000,1,,NSE,1.000000
15414,TITAGARH,TITAGARH,,-1.000000,1,,NSE,5.000000
15555,HCG,HCG,,-1.000000,1,,NSE,5.000000
16045,PRINCEPIPE,PRINCEPIPE,,-1.000000,1,,NSE,5.000000
16683,DIGISPICE,DIGISPICE,,-1.000000,1,,NSE,1.000000
16736,MKPL,MKPL,,-1.000000,1,,NSE,1.000000
1681,IVP,IVP,,-1.000000,1,,NSE,1.000000
16821,VINYLINDIA,VINYLINDIA,,-1.000000,1,,NSE,1.000000
16827,KOKUYOCMLN,KOKUYOCMLN,,-1.000000,1,,NSE,1.000000
16986,COUNCODOS,COUNCODOS,,-1.000000,1,,NSE,1.000000
17044,SHARIABEES,SHARIABEES,,-1.000000,1,,NSE,1.000000
17105,SUMICHEM,SUMICHEM,,-1.000000,1,,NSE,5.000000
17279,BLS,BLS,,-1.000000,1,,NSE,5.000000
17295,NAGAFERT,NAGAFERT,,-1.000000,1,,NSE,1.000000
17357,GKWLIMITED,GKWLIMITED,,-1.000000,1,,NSE,10.000000
17419,BANKETF,BANKETF,,-1.000000,1,,NSE,1.000000
17477,CONTROLPR,CONTROLPR,,-1.000000,1,,NSE,5.000000
1756,JINDALPOLY,JINDALPOLY,,-1.000000,1,,NSE,5.000000
17541,DAMODARIND,DAMODARIND,,-1.000000,1,,NSE,1.000000
17613,SENSEXADD,SENSEXADD,,-1.000000,1,,NSE,1.000000
17728,ASTEC,ASTEC,,-1.000000,1,,NSE,5.000000
17851,DLINKINDIA,DLINKINDIA,,-1.000000,1,,NSE,5.000000
17927,BAYERCROP,BAYERCROP,,-1.000000,1,,NSE,10.000000
17945,COHANCE,COHANCE,,-1.000000,1,,NSE,5.000000
17971,SBICARD,SBICARD,,-1.000000,1,,NSE,5.000000
18086,DBL,DBL,,-1.000000,1,,NSE,5.000000
18284,HNGSNGBEES,HNGSNGBEES,,-1.000000,1,,NSE,1.000000
1838,KARURVYSYA,KARURVYSYA,,-1.000000,1,,NSE,5.000000
18341,VPRPL,VPRPL,,-1.000000,1,,NSE,1.000000
18479,ISFT,ISFT,,-1.000000,1,,NSE,1.000000
18614,SAMHI,SAMHI,,-1.000000,1,,NSE,1.000000
18679,HPL,HPL,,-1.000000,1,,NSE,5.000000
18863,VERTOZ,VERTOZ,,-1.000000,1,,NSE,1.000000
18883,SJVN,SJVN,,-1.000000,1,,NSE,1.000000
19073,AARVI,AARVI,,-1.000000,1,,NSE,1.000000
19211,HMVL,HMVL,,-1.000000,1,,NSE,1.000000
19783,MUFIN,MUFIN,,-1.000000,1,,NSE,1.000000
19795,CELLO,CELLO,,-1.000000,1,,NSE,5.000000
20071,INTENTECH,INTENTECH,,-1.000000,1,,NSE,1.000000
20203,URJA,URJA,,-1.000000,1,,NSE,1.000000
20261,IREDA,IREDA,,-1.000000,1,,NSE,1.000000
20322,FEDFINA,FEDFINA,,-1.000000,1,,NSE,1.000000
20323,RESPONIND,RESPONIND,,-1.000000,1,,NSE,1.000000
20531,BAJEL,BAJEL,,-1.000000,1,,NSE,1.000000
20556,INDIASHLTR,INDIASHLTR,,-1.000000,1,,NSE,5.000000
20760,RPPINFRA,RPPINFRA,,-1.000000,1,,NSE,1.000000
20778,JAMNAAUTO,JAMNAAUTO,,-1.000000,1,,NSE,1.000000
20878,MUFTI,MUFTI,,-1.000000,1,,NSE,1.000000
21091,STARCEMENT,STARCEMENT,,-1.000000,1,,NSE,1.000000
21195,GTPL,GTPL,,-1.000000,1,,NSE,1.000000
21705,MEDIASSIST,MEDIASSIST,,-1.000000,1,,NSE,5.000000
21713,LASA,LASA,,-1.000000,1,,NSE,1.000000
21828,TEXRAIL,TEXRAIL,,-1.000000,1,,NSE,1.000000
13920,PLASTIBLEN,PLASTIBLEN,,-1.000000,1,,NSE,1.000000
1394,HINDUNILVR,HINDUNILVR,,-1.000000,1,,NSE,10.000000
13976,TANLA,TANLA,,-1.000000,1,,NSE,5.000000
14058,SANGHVIMOV,SANGHVIMOV,,-1.000000,1,,NSE,5.000000
14068,SAGCEM,SAGCEM,,-1.000000,1,,NSE,1.000000
14111,NETWORK18,NETWORK18,,-1.000000,1,,NSE,1.000000
14218,CTE,CTE,,-1.000000,1,,NSE,1.000000
14423,LAOPALA,LAOPALA,,-1.000000,1,,NSE,1.000000
14490,NCLIND,NCLIND,,-1.000000,1,,NSE,1.000000
14552,PHOENIXLTD,PHOENIXLTD,,-1.000000,1,,NSE,10.000000
14582,SRHHYPOLTD,SRHHYPOLTD,,-1.000000,1,,NSE,5.000000
14592,FORTIS,FORTIS,,-1.000000,1,,NSE,5.000000
14602,WEBELSOLAR,WEBELSOLAR,,-1.000000,1,,NSE,1.000000
14618,CHEMBOND,CHEMBOND,,-1.000000,1,,NSE,1.000000
14764,071NSETEST,071NSETEST,,-1.000000,1,,NSE,5.000000
14766,V2RETAIL,V2RETAIL,,-1.000000,1,,NSE,10.000000
14767,081NSETEST,081NSETEST,,-1.000000,1,,NSE,5.000000
14769,091NSETEST,091NSETEST,,-1.000000,1,,NSE,5.000000
1480,REPL,REPL,,-1.000000,1,,NSE,1.000000
1485,IFBIND,IFBIND,,-1.000000,1,,NSE,10.000000
14982,CENTUM,CENTUM,,-1.000000,1,,NSE,10.000000
1507,MOGSEC,MOGSEC,,-1.000000,1,,NSE,1.000000
15068,RELIGARE,RELIGARE,,-1.000000,1,,NSE,1.000000
15083,ADANIPORTS,ADANIPORTS,,-1.000000,1,,NSE,10.000000
15119,EDELWEISS,EDELWEISS,,-1.000000,1,,NSE,1.000000
1515,INDIACEM,INDIACEM,,-1.000000,1,,NSE,5.000000
15234,AMBIKCO,AMBIKCO,,-1.000000,1,,NSE,10.000000
1530,INDIANHUME,INDIANHUME,,-1.000000,1,,NSE,5.000000
15278,ONMOBILE,ONMOBILE,,-1.000000,1,,NSE,1.000000
15649,ATALREAL,ATALREAL,,-1.000000,1,,NSE,1.000000
1628,BECTORFOOD,BECTORFOOD,,-1.000000,1,,NSE,1.000000
15883,HINDWAREAP,HINDWAREAP,,-1.000000,1,,NSE,1.000000
1633,IPCALAB,IPCALAB,,-1.000000,1,,NSE,10.000000
16395,MMP,MMP,,-1.000000,1,,NSE,1.000000
16669,BAJAJ-AUTO,BAJAJ-AUTO,,-1.000000,1,,NSE,50.000000
16783,GVT&D,GVT&D,,-1.000000,1,,NSE,10.000000
16795,ARCHIDPLY,ARCHIDPLY,,-1.000000,1,,NSE,1.000000
16915,ZFCVINDIA,ZFCVINDIA,,-1.000000,1,,NSE,100.000000
16933,INDBANK,INDBANK,,-1.000000,1,,NSE,1.000000
17,GATECHDVR,GATECHDVR,,-1.000000,1,,NSE,1.000000
17071,URAVIDEF,URAVIDEF,,-1.000000,1,,NSE,1.000000
17140,IDEAFORGE,IDEAFORGE,,-1.000000,1,,NSE,5.000000
17187,CYIENTDLM,CYIENTDLM,,-1.000000,1,,NSE,5.000000
17197,PAKKA,PAKKA,,-1.000000,1,,NSE,1.000000
1726,JBCHEPHARM,JBCHEPHARM,,-1.000000,1,,NSE,10.000000
17270,ASPINWALL,ASPINWALL,,-1.000000,1,,NSE,1.000000
17475,NV20IETF,NV20IETF,,-1.000000,1,,NSE,1.000000
17635,ZYDUSWELL,ZYDUSWELL,,-1.000000,1,,NSE,5.000000
17747,NIITMTS,NIITMTS,,-1.000000,1,,NSE,5.000000
17881,DBCORP,DBCORP,,-1.000000,1,,NSE,1.000000
18417,RISHABH,RISHABH,,-1.000000,1,,NSE,5.000000
18457,POWERINDIA,POWERINDIA,,-1.000000,1,,NSE,500.000000
18564,LTTS,LTTS,,-1.000000,1,,NSE,10.000000
18908,PNBHOUSING,PNBHOUSING,,-1.000000,1,,NSE,5.000000
19097,SILLYMONKS,SILLYMONKS,,-1.000000,1,,NSE,1.000000
19184,SFL,SFL,,-1.000000,1,,NSE,5.000000
1919,KOPRAN,KOPRAN,,-1.000000,1,,NSE,1.000000
19205,HEADSUP,HEADSUP,,-1.000000,1,,NSE,1.000000
19235,IMFA,IMFA,,-1.000000,1,,NSE,10.000000
19372,SPCENET,SPCENET,,-1.000000,1,,NSE,1.000000
19438,AHLEAST,AHLEAST,,-1.000000,1,,NSE,1.000000
1964,TRENT,TRENT,,-1.000000,1,,NSE,10.000000
19578,UGARSUGAR,UGARSUGAR,,-1.000000,1,,NSE,1.000000
201,UNIDT,UNIDT,,-1.000000,1,,NSE,1.000000
20092,TASTYBITE,TASTYBITE,,-1.000000,1,,NSE,50.000000
20110,GREENPOWER,GREENPOWER,,-1.000000,1,,NSE,1.000000
20159,ARIHANTSUP,ARIHANTSUP,,-1.000000,1,,NSE,5.000000
20296,SHAH,SHAH,,-1.000000,1,,NSE,1.000000
20302,PRESTIGE,PRESTIGE,,-1.000000,1,,NSE,10.000000
20303,GANDHAR,GANDHAR,,-1.000000,1,,NSE,1.000000
20534,GRAVITA,GRAVITA,,-1.000000,1,,NSE,10.000000
2056,HOMEFIRST,HOMEFIRST,,-1.000000,1,,NSE,10.000000
20621,PENIND,PENIND,,-1.000000,1,,NSE,1.000000
20788,MOTISONS,MOTISONS,,-1.000000,1,,NSE,1.000000
20854,HAPPYFORGE,HAPPYFORGE,,-1.000000,1,,NSE,10.000000
20906,A2ZINFRA,A2ZINFRA,,-1.000000,1,,NSE,1.000000
21252,AXISNIFTY,AXISNIFTY,,-1.000000,1,,NSE,1.000000
21254,LOWVOLIETF,LOWVOLIETF,,-1.000000,1,,NSE,1.000000
21399,GANGESSECU,GANGESSECU,,-1.000000,1,,NSE,1.000000
21551,HALEOSLABS,HALEOSLABS,,-1.000000,1,,NSE,10.000000
2168,RAJMET,RAJMET,,-1.000000,1,,NSE,1.000000
10012,EBBE23INAV,EBBE23INAV,,-1.000000,1,,NSE,1.000000
10117,MANXT5INAV,MANXT5INAV,,-1.000000,1,,NSE,1.000000
10134,MID150INAV,MID150INAV,,-1.000000,1,,NSE,1.000000
10217,ADANIENSOL,ADANIENSOL,,-1.000000,1,,NSE,10.000000
10297,PPL,PPL,,-1.000000,1,,NSE,1.000000
10346,DGCONTENT,DGCONTENT,,-1.000000,1,,NSE,1.000000
10453,SATIN,SATIN,,-1.000000,1,,NSE,1.000000
10457,ARVSMART,ARVSMART,,-1.000000,1,,NSE,5.000000
10557,NAVKARCORP,NAVKARCORP,,-1.000000,1,,NSE,1.000000
10577,KRBL,KRBL,,-1.000000,1,,NSE,5.000000
10579,MARKSANS,MARKSANS,,-1.000000,1,,NSE,1.000000
10599,GUJGASLTD,GUJGASLTD,,-1.000000,1,,NSE,5.000000
1073,FOSECOIND,FOSECOIND,,-1.000000,1,,NSE,50.000000
10700,SURANAT&P,SURANAT&P,,-1.000000,1,,NSE,1.000000
10859,DREAMFOLKS,DREAMFOLKS,,-1.000000,1,,NSE,1.000000
10922,OMAXAUTO,OMAXAUTO,,-1.000000,1,,NSE,1.000000
11037,BANKIETF,BANKIETF,,-1.000000,1,,NSE,1.000000
11039,DCMNVL,DCMNVL,,-1.000000,1,,NSE,1.000000
11050,SIRCA,SIRCA,,-1.000000,1,,NSE,5.000000
11065,NATHBIOGEN,NATHBIOGEN,,-1.000000,1,,NSE,1.000000
11193,AXISILVER,AXISILVER,,-1.000000,1,,NSE,1.000000
11212,SHK,SHK,,-1.000000,1,,NSE,1.000000
11253,WELSPUNLIV,WELSPUNLIV,,-1.000000,1,,NSE,1.000000
1134,APOLLO,APOLLO,,-1.000000,1,,NSE,1.000000
11369,TTKHLTCARE,TTKHLTCARE,,-1.000000,1,,NSE,5.000000
11373,BIOCON,BIOCON,,-1.000000,1,,NSE,5.000000
11377,MAHABANK,MAHABANK,,-1.000000,1,,NSE,1.000000
11394,ZOTA,ZOTA,,-1.000000,1,,NSE,10.000000
11452,CCL,CCL,,-1.000000,1,,NSE,10.000000
11536,TCS,TCS,,-1.000000,1,,NSE,10.000000
11596,LINCOLN,LINCOLN,,-1.000000,1,,NSE,5.000000
11723,JSWSTEEL,JSWSTEEL,,-1.000000,1,,NSE,10.000000
1185,AMBER,AMBER,,-1.000000,1,,NSE,50.000000
11779,ACEINTEG,ACEINTEG,,-1.000000,1,,NSE,1.000000
11840,NH,NH,,-1.000000,1,,NSE,10.000000
1190,FMGOETZE,FMGOETZE,,-1.000000,1,,NSE,5.000000
11892,VHL,VHL,,-1.000000,1,,NSE,10.000000
11895,DCXINDIA,DCXINDIA,,-1.000000,1,,NSE,1.000000
11966,BIKAJI,BIKAJI,,-1.000000,1,,NSE,5.000000
11975,RML,RML,,-1.000000,1,,NSE,5.000000
11987,ICIL,ICIL,,-1.000000,1,,NSE,5.000000
12032,FIVESTAR,FIVESTAR,,-1.000000,1,,NSE,5.000000
12101,HDFCNIFIT,HDFCNIFIT,,-1.000000,1,,NSE,1.000000
1232,GRASIM,GRASIM,,-1.000000,1,,NSE,10.000000
12841,11NSETEST,11NSETEST,,-1.000000,1,,NSE,5.000000
13061,360ONE,360ONE,,-1.000000,1,,NSE,10.000000
1313,HARRMALAYA,HARRMALAYA,,-1.000000,1,,NSE,1.000000
13275,INDOTECH,INDOTECH,,-1.000000,1,,NSE,10.000000
13409,GPIL,GPIL,,-1.000000,1,,NSE,5.000000
13457,KAMDHENU,KAMDHENU,,-1.000000,1,,NSE,1.000000
13528,GMRAIRPORT,GMRAIRPORT,,-1.000000,1,,NSE,1.000000
13580,RADIANTCMS,RADIANTCMS,,-1.000000,1,,NSE,1.000000
13592,HGM,HGM,,-1.000000,1,,NSE,1.000000
13637,JMFINANCIL,JMFINANCIL,,-1.000000,1,,NSE,1.000000
13656,ALICON,ALICON,,-1.000000,1,,NSE,5.000000
13750,FLUOROCHEM,FLUOROCHEM,,-1.000000,1,,NSE,10.000000
13900,CREST,CREST,,-1.000000,1,,NSE,5.000000
13925,NFL,NFL,,-1.000000,1,,NSE,1.000000
13941,PRAENG,PRAENG,,-1.000000,1,,NSE,1.000000
1403,HINDOILEXP,HINDOILEXP,,-1.000000,1,,NSE,1.000000
14150,BTML,BTML,,-1.000000,1,,NSE,1.000000
14236,HDFCMID150,HDFCMID150,,-1.000000,1,,NSE,1.000000
14278,ORIENTBELL,ORIENTBELL,,-1.000000,1,,NSE,5.000000
144,GODREJAGRO,GODREJAGRO,,-1.000000,1,,NSE,5.000000
14398,AMDIND,AMDIND,,-1.000000,1,,NSE,1.000000
14403,RAJTV,RAJTV,,-1.000000,1,,NSE,1.000000
14445,NAHARPOLY,NAHARPOLY,,-1.000000,1,,NSE,1.000000
1448,HLVLTD,HLVLTD,,-1.000000,1,,NSE,1.000000
14485,THEMISMED,THEMISMED,,-1.000000,1,,NSE,1.000000
14657,INSECTICID,INSECTICID,,-1.000000,1,,NSE,5.000000
14702,NAGREEKEXP,NAGREEKEXP,,-1.000000,1,,NSE,1.000000
1476,IDBI,IDBI,,-1.000000,1,,NSE,1.000000
14758,051NSETEST,051NSETEST,,-1.000000,1,,NSE,5.000000
14772,101NSETEST,101NSETEST,,-1.000000,1,,NSE,5.000000
14793,SIGMAADV,SIGMAADV,,-1.000000,1,,NSE,1.000000
14848,ALPA,ALPA,,-1.000000,1,,NSE,1.000000
15058,AVALON,AVALON,,-1.000000,1,,NSE,10.000000
15061,PSUBANK,PSUBANK,,-1.000000,1,,NSE,1.000000
15085,SILVERBETA,SILVERBETA,,-1.000000,1,,NSE,1.000000
15156,KALYANIFRG,KALYANIFRG,,-1.000000,1,,NSE,5.000000
15179,ECLERX,ECLERX,,-1.000000,1,,NSE,10.000000
15214,DVL,DVL,,-1.000000,1,,NSE,1.000000
15219,PATINTLOG,PATINTLOG,,-1.000000,1,,NSE,1.000000
15303,BANG,BANG,,-1.000000,1,,NSE,1.000000
15308,SEPC,SEPC,,-1.000000,1,,NSE,1.000000
157,APOLLOHOSP,APOLLOHOSP,,-1.000000,1,,NSE,50.000000
1565,RVHL,RVHL,,-1.000000,1,,NSE,1.000000
15409,NESCO,NESCO,,-1.000000,1,,NSE,10.000000
16123,BHARATWIRE,BHARATWIRE,,-1.000000,1,,NSE,1.000000
163,APOLLOTYRE,APOLLOTYRE,,-1.000000,1,,NSE,5.000000
1621,TATAINVEST,TATAINVEST,,-1.000000,1,,NSE,5.000000
16719,ALMONDZ,ALMONDZ,,-1.000000,1,,NSE,1.000000
16859,SINDHUTRAD,SINDHUTRAD,,-1.000000,1,,NSE,1.000000
16943,ASHOKAMET,ASHOKAMET,,-1.000000,1,,NSE,1.000000
16996,TPHQ,TPHQ,,-1.000000,1,,NSE,1.000000
17094,CROMPTON,CROMPTON,,-1.000000,1,,NSE,5.000000
17130,PARAGMILK,PARAGMILK,,-1.000000,1,,NSE,1.000000
17424,GLOBUSSPR,GLOBUSSPR,,-1.000000,1,,NSE,5.000000
17520,RTNPOWER,RTNPOWER,,-1.000000,1,,NSE,1.000000
17576,PVTBANKADD,PVTBANKADD,,-1.000000,1,,NSE,1.000000
17598,ASALCBR,ASALCBR,,-1.000000,1,,NSE,5.000000
17742,BAFNAPH,BAFNAPH,,-1.000000,1,,NSE,1.000000
17770,GROBTEA,GROBTEA,,-1.000000,1,,NSE,5.000000
1797,AWHCL,AWHCL,,-1.000000,1,,NSE,5.000000
17933,BEARDSELL,BEARDSELL,,-1.000000,1,,NSE,1.000000
17888,GATECH,GATECH,,-1.000000,1,,NSE,1.000000
18029,MBLINFRA,MBLINFRA,,-1.000000,1,,NSE,1.000000
18119,SRGHFL,SRGHFL,,-1.000000,1,,NSE,5.000000
18250,PYRAMID,PYRAMID,,-1.000000,1,,NSE,1.000000
18566,RRKABEL,RRKABEL,,-1.000000,1,,NSE,10.000000
1879,CARYSIL,CARYSIL,,-1.000000,1,,NSE,5.000000
18866,MAZDA,MAZDA,,-1.000000,1,,NSE,1.000000
19,STYRENIX,STYRENIX,,-1.000000,1,,NSE,10.000000
18977,UNIVASTU,UNIVASTU,,-1.000000,1,,NSE,1.000000
19020,JSWINFRA,JSWINFRA,,-1.000000,1,,NSE,5.000000
19025,KIRLOSIND,KIRLOSIND,,-1.000000,1,,NSE,10.000000
19223,TCIEXP,TCIEXP,,-1.000000,1,,NSE,5.000000
19224,SENSEXETF,SENSEXETF,,-1.000000,1,,NSE,1.000000
19237,MONIFTY500,MONIFTY500,,-1.000000,1,,NSE,1.000000
193,ARVIND,ARVIND,,-1.000000,1,,NSE,5.000000
19248,MON500INAV,MON500INAV,,-1.000000,1,,NSE,1.000000
19543,HDFCGOLD,HDFCGOLD,,-1.000000,1,,NSE,1.000000
19556,BHANDARI,BHANDARI,,-1.000000,1,,NSE,1.000000
19640,ALPHAETF,ALPHAETF,,-1.000000,1,,NSE,1.000000
19877,RADIOCITY,RADIOCITY,,-1.000000,1,,NSE,1.000000
1994,LIBERTSHOE,LIBERTSHOE,,-1.000000,1,,NSE,1.000000
1997,LICHSGFIN,LICHSGFIN,,-1.000000,1,,NSE,5.000000
20160,CANTABIL,CANTABIL,,-1.000000,1,,NSE,5.000000
203,ASHAPURMIN,ASHAPURMIN,,-1.000000,1,,NSE,5.000000
20257,ESILVER,ESILVER,,-1.000000,1,,NSE,1.000000
20527,PRUDMOULI,PRUDMOULI,,-1.000000,1,,NSE,1.000000
206,ASHIMASYN,ASHIMASYN,,-1.000000,1,,NSE,1.000000
20547,BBNPPGOLD,BBNPPGOLD,,-1.000000,1,,NSE,5.000000
20560,DOLLAR,DOLLAR,,-1.000000,1,,NSE,5.000000
20642,JINDWORLD,JINDWORLD,,-1.000000,1,,NSE,1.000000
20776,BHAGYANGR,BHAGYANGR,,-1.000000,1,,NSE,1.000000
20790,SUMEETINDS,SUMEETINDS,,-1.000000,1,,NSE,1.000000
20830,MOIL,MOIL,,-1.000000,1,,NSE,5.000000
2085,MAHSCOOTER,MAHSCOOTER,,-1.000000,1,,NSE,100.000000
20852,ZEELEARN,ZEELEARN,,-1.000000,1,,NSE,1.000000
21095,SHEKHAWATI,SHEKHAWATI,,-1.000000,1,,NSE,1.000000
21113,BFINVEST,BFINVEST,,-1.000000,1,,NSE,5.000000
21154,ERIS,ERIS,,-1.000000,1,,NSE,10.000000
21406,AVADHSUGAR,AVADHSUGAR,,-1.000000,1,,NSE,5.000000
2142,MFSL,MFSL,,-1.000000,1,,NSE,10.000000
21578,COMSYN,COMSYN,,-1.000000,1,,NSE,1.000000
21750,LIQUIDCASE,LIQUIDCASE,,-1.000000,1,,NSE,1.000000
2202,MIRCELECTR,MIRCELECTR,,-1.000000,1,,NSE,1.000000
22239,EBBETF0431,EBBETF0431,,-1.000000,1,,NSE,1.000000
22282,TIRUPATIFL,TIRUPATIFL,,-1.000000,1,,NSE,1.000000
22377,MAXHEALTH,MAXHEALTH,,-1.000000,1,,NSE,10.000000
2256,PENINLAND,PENINLAND,,-1.000000,1,,NSE,1.000000
22670,RPTECH,RPTECH,,-1.000000,1,,NSE,5.000000
22730,VSTL,VSTL,,-1.000000,1,,NSE,1.000000
2283,MRPL,MRPL,,-1.000000,1,,NSE,1.000000
22832,SMALLCAP,SMALLCAP,,-1.000000,1,,NSE,1.000000
22846,GPTHEALTH,GPTHEALTH,,-1.000000,1,,NSE,1.000000
23056,JGCHEM,JGCHEM,,-1.000000,1,,NSE,5.000000
23188,MOS250INAV,MOS250INAV,,-1.000000,1,,NSE,1.000000
23512,TARACHAND,TARACHAND,,-1.000000,1,,NSE,1.000000
23553,AIIL,AIIL,,-1.000000,1,,NSE,5.000000
23647,FILATFASH,FILATFASH,,-1.000000,1,,NSE,1.000000
23740,TBOTEK,TBOTEK,,-1.000000,1,,NSE,10.000000
24025,KRONOX,KRONOX,,-1.000000,1,,NSE,1.000000
24196,VADILALIND,VADILALIND,,-1.000000,1,,NSE,10.000000
24231,OMINFRAL,OMINFRAL,,-1.000000,1,,NSE,1.000000
24823,MANCREDIT,MANCREDIT,,-1.000000,1,,NSE,1.000000
24851,SUYOG,SUYOG,,-1.000000,1,,NSE,5.000000
24948,LTF,LTF,,-1.000000,1,,NSE,5.000000
25222,SANOFICONR,SANOFICONR,,-1.000000,1,,NSE,10.000000
25358,PGEL,PGEL,,-1.000000,1,,NSE,5.000000
25403,WCIL,WCIL,,-1.000000,1,,NSE,1.000000
25468,PAISALO,PAISALO,,-1.000000,1,,NSE,1.000000
25606,MOMENTUM50,MOMENTUM50,,-1.000000,1,,NSE,1.000000
25786,KANANIIND,KANANIIND,,-1.000000,1,,NSE,1.000000
25855,AFFORDABLE,AFFORDABLE,,-1.000000,1,,NSE,1.000000
2610,PEARLPOLY,PEARLPOLY,,-1.000000,1,,NSE,1.000000
2616,SEAMECLTD,SEAMECLTD,,-1.000000,1,,NSE,10.000000
27020,ABINFRA,ABINFRA,,-1.000000,1,,NSE,1.000000
27037,TBZ,TBZ,,-1.000000,1,,NSE,1.000000
27066,SWIGGY,SWIGGY,,-1.000000,1,,NSE,5.000000
2708,PRAKASH,PRAKASH,,-1.000000,1,,NSE,1.000000
27171,RACLGEAR,RACLGEAR,,-1.000000,1,,NSE,10.000000
27571,ODIGMA,ODIGMA,,-1.000000,1,,NSE,1.000000
2792,EASEMYTRIP,EASEMYTRIP,,-1.000000,1,,NSE,1.000000
27754,INNOVANA,INNOVANA,,-1.000000,1,,NSE,5.000000
2859,RAYMOND,RAYMOND,,-1.000000,1,,NSE,5.000000
28888,SENORES,SENORES,,-1.000000,1,,NSE,5.000000
29075,SETL,SETL,,-1.000000,1,,NSE,1.000000
29204,STALLION,STALLION,,-1.000000,1,,NSE,1.000000
22255,NDRAUTO,NDRAUTO,,-1.000000,1,,NSE,5.000000
2229,MODIRUBBER,MODIRUBBER,,-1.000000,1,,NSE,1.000000
22595,HDFCPSUBK,HDFCPSUBK,,-1.000000,1,,NSE,1.000000
23066,GOPAL,GOPAL,,-1.000000,1,,NSE,5.000000
2328,CPSEETF,CPSEETF,,-1.000000,1,,NSE,1.000000
23447,181NSETEST,181NSETEST,,-1.000000,1,,NSE,5.000000
24014,BOROSCI,BOROSCI,,-1.000000,1,,NSE,1.000000
24077,MID150CASE,MID150CASE,,-1.000000,1,,NSE,1.000000
2431,RAILTEL,RAILTEL,,-1.000000,1,,NSE,5.000000
2435,CONSUMBEES,CONSUMBEES,,-1.000000,1,,NSE,1.000000
2439,NKIND,NKIND,,-1.000000,1,,NSE,1.000000
24378,RELIABLE,RELIABLE,,-1.000000,1,,NSE,1.000000
24404,ABGSEC,ABGSEC,,-1.000000,1,,NSE,1.000000
24533,OILIETF,OILIETF,,-1.000000,1,,NSE,1.000000
24595,RUSHIL,RUSHIL,,-1.000000,1,,NSE,1.000000
2475,ONGC,ONGC,,-1.000000,1,,NSE,5.000000
24742,CEIGALL,CEIGALL,,-1.000000,1,,NSE,5.000000
24814,FIRSTCRY,FIRSTCRY,,-1.000000,1,,NSE,1.000000
25017,BODALCHEM,BODALCHEM,,-1.000000,1,,NSE,1.000000
2513,BCLIND,BCLIND,,-1.000000,1,,NSE,1.000000
25162,EUREKAFORB,EUREKAFORB,,-1.000000,1,,NSE,5.000000
25262,TOLINS,TOLINS,,-1.000000,1,,NSE,1.000000
25512,FLEXITUFF,FLEXITUFF,,-1.000000,1,,NSE,1.000000
25584,TRITURBINE,TRITURBINE,,-1.000000,1,,NSE,5.000000
25634,ESSARSHPNG,ESSARSHPNG,,-1.000000,1,,NSE,1.000000
25672,DIFFNKG,DIFFNKG,,-1.000000,1,,NSE,5.000000
25724,RUPA,RUPA,,-1.000000,1,,NSE,1.000000
25851,VAL30IETF,VAL30IETF,,-1.000000,1,,NSE,1.000000
25872,GROWWGOLD,GROWWGOLD,,-1.000000,1,,NSE,1.000000
25977,AFCONS,AFCONS,,-1.000000,1,,NSE,5.000000
27008,HEXATRADEX,HEXATRADEX,,-1.000000,1,,NSE,1.000000
27047,MASTERTR,MASTERTR,,-1.000000,1,,NSE,1.000000
27097,NIVABUPA,NIVABUPA,,-1.000000,1,,NSE,1.000000
2809,RAJSREESUG,RAJSREESUG,,-1.000000,1,,NSE,1.000000
28046,MOBIKWIK,MOBIKWIK,,-1.000000,1,,NSE,1.000000
2841,LXCHEM,LXCHEM,,-1.000000,1,,NSE,1.000000
28314,ANUHPHR,ANUHPHR,,-1.000000,1,,NSE,1.000000
2866,RCF,RCF,,-1.000000,1,,NSE,1.000000
28714,TRANSRAILL,TRANSRAILL,,-1.000000,1,,NSE,5.000000
28899,KITEX,KITEX,,-1.000000,1,,NSE,1.000000
29135,INDUSTOWER,INDUSTOWER,,-1.000000,1,,NSE,5.000000
29251,ITCHOTELS,ITCHOTELS,,-1.000000,1,,NSE,1.000000
29284,VMART,VMART,,-1.000000,1,,NSE,5.000000
29439,SUPREME,SUPREME,,-1.000000,1,,NSE,1.000000
29492,ORCHASP,ORCHASP,,-1.000000,1,,NSE,1.000000
2970,SURYODAY,SURYODAY,,-1.000000,1,,NSE,1.000000
3021,SOTL,SOTL,,-1.000000,1,,NSE,5.000000
30249,ISHANCH,ISHANCH,,-1.000000,1,,NSE,1.000000
30455,SPECTRUM,SPECTRUM,,-1.000000,1,,NSE,10.000000
30519,SNXT30INAV,SNXT30INAV,,-1.000000,1,,NSE,1.000000
30552,MOME30INAV,MOME30INAV,,-1.000000,1,,NSE,1.000000
3103,SHREECEM,SHREECEM,,-1.000000,1,,NSE,500.000000
31107,DBSTOCKBRO,DBSTOCKBRO,,-1.000000,1,,NSE,1.000000
3138,HONDAPOWER,HONDAPOWER,,-1.000000,1,,NSE,10.000000
34,ADOR,ADOR,,-1.000000,1,,NSE,10.000000
330,VALIANTORG,VALIANTORG,,-1.000000,1,,NSE,1.000000
3273,SRF,SRF,,-1.000000,1,,NSE,10.000000
3453,TECILCHEM,TECILCHEM,,-1.000000,1,,NSE,1.000000
3546,TTKPRESTIG,TTKPRESTIG,,-1.000000,1,,NSE,5.000000
357,NAM-INDIA,NAM-INDIA,,-1.000000,1,,NSE,5.000000
3703,VIPIND,VIPIND,,-1.000000,1,,NSE,5.000000
3721,TATACOMM,TATACOMM,,-1.000000,1,,NSE,10.000000
4,21STCENMGM,21STCENMGM,,-1.000000,1,,NSE,1.000000
40,AEGISLOG,AEGISLOG,,-1.000000,1,,NSE,5.000000
4007,CORALFINAC,CORALFINAC,,-1.000000,1,,NSE,1.000000
4176,ZENITHEXPO,ZENITHEXPO,,-1.000000,1,,NSE,1.000000
4136,BIOFILCHEM,BIOFILCHEM,,-1.000000,1,,NSE,1.000000
4306,SHRIRAMFIN,SHRIRAMFIN,,-1.000000,1,,NSE,10.000000
445,5PAISA,5PAISA,,-1.000000,1,,NSE,5.000000
4525,DYNAMATECH,DYNAMATECH,,-1.000000,1,,NSE,100.000000
4568,ATLASCYCLE,ATLASCYCLE,,-1.000000,1,,NSE,1.000000
4870,INDSWFTLAB,INDSWFTLAB,,-1.000000,1,,NSE,1.000000
4992,SHARDACROP,SHARDACROP,,-1.000000,1,,NSE,10.000000
513,BOMDYEING,BOMDYEING,,-1.000000,1,,NSE,1.000000
5097,ETERNAL,ETERNAL,,-1.000000,1,,NSE,1.000000
5385,AAVAS,AAVAS,,-1.000000,1,,NSE,10.000000
5948,SOUTHBANK,SOUTHBANK,,-1.000000,1,,NSE,1.000000
619,CENTENKA,CENTENKA,,-1.000000,1,,NSE,5.000000
6127,DIGJAMLMTD,DIGJAMLMTD,,-1.000000,1,,NSE,1.000000
6422,MANORG,MANORG,,-1.000000,1,,NSE,5.000000
6733,JINDALSTEL,JINDALSTEL,,-1.000000,1,,NSE,10.000000
7091,SEJALLTD,SEJALLTD,,-1.000000,1,,NSE,5.000000
722,SBIETFPB,SBIETFPB,,-1.000000,1,,NSE,1.000000
740,SBIETFIT,SBIETFIT,,-1.000000,1,,NSE,1.000000
742,COSMOFIRST,COSMOFIRST,,-1.000000,1,,NSE,5.000000
7406,GLENMARK,GLENMARK,,-1.000000,1,,NSE,10.000000
7413,MANAKCOAT,MANAKCOAT,,-1.000000,1,,NSE,1.000000
7456,MIDQ50ADD,MIDQ50ADD,,-1.000000,1,,NSE,1.000000
22344,ALPL30IETF,ALPL30IETF,,-1.000000,1,,NSE,1.000000
22433,HDFCNIFBAN,HDFCNIFBAN,,-1.000000,1,,NSE,1.000000
22521,GILT5BETA,GILT5BETA,,-1.000000,1,,NSE,1.000000
2303,HAL,HAL,,-1.000000,1,,NSE,10.000000
2313,MURUDCERA,MURUDCERA,,-1.000000,1,,NSE,1.000000
2316,HEIDELBERG,HEIDELBERG,,-1.000000,1,,NSE,1.000000
2319,NCC,NCC,,-1.000000,1,,NSE,1.000000
23181,MOSMALL250,MOSMALL250,,-1.000000,1,,NSE,1.000000
2350,NURECA,NURECA,,-1.000000,1,,NSE,5.000000
23650,MUTHOOTFIN,MUTHOOTFIN,,-1.000000,1,,NSE,10.000000
24086,TOP100INAV,TOP100INAV,,-1.000000,1,,NSE,1.000000
24117,BBNPNBETF,BBNPNBETF,,-1.000000,1,,NSE,1.000000
24145,RETAIL,RETAIL,,-1.000000,1,,NSE,1.000000
24321,VRAJ,VRAJ,,-1.000000,1,,NSE,1.000000
24391,DELPHIFX,DELPHIFX,,-1.000000,1,,NSE,1.000000
24582,SANSTAR,SANSTAR,,-1.000000,1,,NSE,1.000000
2493,ORIENTHOT,ORIENTHOT,,-1.000000,1,,NSE,1.000000
24924,ELGIRUBCO,ELGIRUBCO,,-1.000000,1,,NSE,1.000000
24937,MFML,MFML,,-1.000000,1,,NSE,1.000000
25136,BROOKS,BROOKS,,-1.000000,1,,NSE,1.000000
25270,BAJAJHFL,BAJAJHFL,,-1.000000,1,,NSE,1.000000
25621,MOME50INAV,MOME50INAV,,-1.000000,1,,NSE,1.000000
25690,DSSL,DSSL,,-1.000000,1,,NSE,5.000000
25725,BANKPSU,BANKPSU,,-1.000000,1,,NSE,1.000000
25737,SRD,SRD,,-1.000000,1,,NSE,1.000000
25844,HYUNDAI,HYUNDAI,,-1.000000,1,,NSE,10.000000
2627,IT,IT,,-1.000000,1,,NSE,1.000000
2664,PIDILITIND,PIDILITIND,,-1.000000,1,,NSE,10.000000
2687,POLYPLEX,POLYPLEX,,-1.000000,1,,NSE,5.000000
27052,SAGILITY,SAGILITY,,-1.000000,1,,NSE,1.000000
27061,ACMESOLAR,ACMESOLAR,,-1.000000,1,,NSE,1.000000
27161,CINELINE,CINELINE,,-1.000000,1,,NSE,1.000000
2799,CHEMFAB,CHEMFAB,,-1.000000,1,,NSE,5.000000
28125,IKS,IKS,,-1.000000,1,,NSE,10.000000
29146,NAVKARURB,NAVKARURB,,-1.000000,1,,NSE,1.000000
29482,MCLOUD,MCLOUD,,-1.000000,1,,NSE,1.000000
29590,JUBLCPL,JUBLCPL,,-1.000000,1,,NSE,10.000000
29666,HEXT,HEXT,,-1.000000,1,,NSE,5.000000
29711,QPOWER,QPOWER,,-1.000000,1,,NSE,5.000000
29872,GROWWN200,GROWWN200,,-1.000000,1,,NSE,1.000000
29944,NIFTY100EW,NIFTY100EW,,-1.000000,1,,NSE,1.000000
30134,PRABHA,PRABHA,,-1.000000,1,,NSE,1.000000
30323,ESSENTIA,ESSENTIA,,-1.000000,1,,NSE,1.000000
308,BAJAJHIND,BAJAJHIND,,-1.000000,1,,NSE,1.000000
30469,MID150,MID150,,-1.000000,1,,NSE,1.000000
30835,PILITA,PILITA,,-1.000000,1,,NSE,1.000000
3327,SUDARSCHEM,SUDARSCHEM,,-1.000000,1,,NSE,5.000000
3351,SUNPHARMA,SUNPHARMA,,-1.000000,1,,NSE,10.000000
3384,SWARAJENG,SWARAJENG,,-1.000000,1,,NSE,10.000000
3484,TIL,TIL,,-1.000000,1,,NSE,1.000000
3563,ADANIGREEN,ADANIGREEN,,-1.000000,1,,NSE,5.000000
3608,AXISHCETF,AXISHCETF,,-1.000000,1,,NSE,1.000000
371,BATAINDIA,BATAINDIA,,-1.000000,1,,NSE,5.000000
3744,FINEORG,FINEORG,,-1.000000,1,,NSE,10.000000
3761,RITES,RITES,,-1.000000,1,,NSE,1.000000
3821,ZODIACLOTH,ZODIACLOTH,,-1.000000,1,,NSE,1.000000
3906,CAPLIPOINT,CAPLIPOINT,,-1.000000,1,,NSE,10.000000
3987,GREENPLY,GREENPLY,,-1.000000,1,,NSE,1.000000
4010,PVP,PVP,,-1.000000,1,,NSE,1.000000
4105,SILINV,SILINV,,-1.000000,1,,NSE,5.000000
4130,REGENCERAM,REGENCERAM,,-1.000000,1,,NSE,1.000000
419,BEPL,BEPL,,-1.000000,1,,NSE,1.000000
4179,SUNDRMBRAK,SUNDRMBRAK,,-1.000000,1,,NSE,5.000000
4299,STERTOOLS,STERTOOLS,,-1.000000,1,,NSE,1.000000
4422,INDIANCARD,INDIANCARD,,-1.000000,1,,NSE,1.000000
4487,ALKYLAMINE,ALKYLAMINE,,-1.000000,1,,NSE,10.000000
4522,SIGIND,SIGIND,,-1.000000,1,,NSE,1.000000
4587,RAMCOIND,RAMCOIND,,-1.000000,1,,NSE,5.000000
471,OSWALGREEN,OSWALGREEN,,-1.000000,1,,NSE,1.000000
4745,BANKINDIA,BANKINDIA,,-1.000000,1,,NSE,1.000000
4822,DODLA,DODLA,,-1.000000,1,,NSE,10.000000
489,ICEMAKE,ICEMAKE,,-1.000000,1,,NSE,5.000000
5108,KPIGREEN,KPIGREEN,,-1.000000,1,,NSE,5.000000
5143,JAICORPLTD,JAICORPLTD,,-1.000000,1,,NSE,1.000000
5258,INDUSINDBK,INDUSINDBK,,-1.000000,1,,NSE,5.000000
5359,KRSNAA,KRSNAA,,-1.000000,1,,NSE,5.000000
5378,ASAHIINDIA,ASAHIINDIA,,-1.000000,1,,NSE,5.000000
5528,KOTHARIPRO,KOTHARIPRO,,-1.000000,1,,NSE,1.000000
5610,ASTRAZEN,ASTRAZEN,,-1.000000,1,,NSE,50.000000
5650,SHANTI,SHANTI,,-1.000000,1,,NSE,1.000000
6066,ATGL,ATGL,,-1.000000,1,,NSE,5.000000
6164,BHAGCHEM,BHAGCHEM,,-1.000000,1,,NSE,1.000000
6218,SIKKO,SIKKO,,-1.000000,1,,NSE,1.000000
6462,TECH,TECH,,-1.000000,1,,NSE,1.000000
6489,IRIS,IRIS,,-1.000000,1,,NSE,1.000000
6600,GENUSPAPER,GENUSPAPER,,-1.000000,1,,NSE,1.000000
6782,NIPPOBATRY,NIPPOBATRY,,-1.000000,1,,NSE,5.000000
6848,GREENLAM,GREENLAM,,-1.000000,1,,NSE,1.000000
6908,VISHNU,VISHNU,,-1.000000,1,,NSE,5.000000
6951,LINC,LINC,,-1.000000,1,,NSE,1.000000
701,HEMIPROP,HEMIPROP,,-1.000000,1,,NSE,1.000000
7196,BBETF0432,BBETF0432,,-1.000000,1,,NSE,1.000000
7242,METROBRAND,METROBRAND,,-1.000000,1,,NSE,10.000000
7287,JTLIND,JTLIND,,-1.000000,1,,NSE,1.000000
7358,DATAPATTNS,DATAPATTNS,,-1.000000,1,,NSE,10.000000
7412,ALPHA,ALPHA,,-1.000000,1,,NSE,1.000000
756020,TINNARUBR,TINNARUBR,,-1.000000,1,,NSE,5.000000
756802,OSWALPUMPS,OSWALPUMPS,,-1.000000,1,,NSE,5.000000
22233,DHUNINV,DHUNINV,,-1.000000,1,,NSE,5.000000
2241,MODTHREAD,MODTHREAD,,-1.000000,1,,NSE,1.000000
2259,MOREPENLAB,MOREPENLAB,,-1.000000,1,,NSE,1.000000
2263,BANDHANBNK,BANDHANBNK,,-1.000000,1,,NSE,1.000000
2268,MOTOGENFIN,MOTOGENFIN,,-1.000000,1,,NSE,1.000000
2277,MRF,MRF,,-1.000000,1,,NSE,500.000000
23142,PVSL,PVSL,,-1.000000,1,,NSE,1.000000
2331,JAYNECOIND,JAYNECOIND,,-1.000000,1,,NSE,1.000000
23407,LIQUIDADD,LIQUIDADD,,-1.000000,1,,NSE,1.000000
23507,UEL,UEL,,-1.000000,1,,NSE,1.000000
236,ASIANPAINT,ASIANPAINT,,-1.000000,1,,NSE,10.000000
23693,INDGN,INDGN,,-1.000000,1,,NSE,5.000000
23729,AADHARHFC,AADHARHFC,,-1.000000,1,,NSE,5.000000
23799,GODIGIT,GODIGIT,,-1.000000,1,,NSE,5.000000
2397,SANDHAR,SANDHAR,,-1.000000,1,,NSE,5.000000
24292,VSTTILLERS,VSTTILLERS,,-1.000000,1,,NSE,50.000000
2442,NOCIL,NOCIL,,-1.000000,1,,NSE,1.000000
2454,CENTRUM,CENTRUM,,-1.000000,1,,NSE,1.000000
24538,MAITHANALL,MAITHANALL,,-1.000000,1,,NSE,10.000000
2463,MIDHANI,MIDHANI,,-1.000000,1,,NSE,5.000000
24735,RPEL,RPEL,,-1.000000,1,,NSE,5.000000
24781,BSLNIFTY,BSLNIFTY,,-1.000000,1,,NSE,1.000000
24999,IBULLSLTD,IBULLSLTD,,-1.000000,1,,NSE,1.000000
25,ADANIENT,ADANIENT,,-1.000000,1,,NSE,10.000000
25114,STYLEBAAZA,STYLEBAAZA,,-1.000000,1,,NSE,5.000000
25178,TDPOWERSYS,TDPOWERSYS,,-1.000000,1,,NSE,5.000000
25235,XTGLOBAL,XTGLOBAL,,-1.000000,1,,NSE,1.000000
25398,ARKADE,ARKADE,,-1.000000,1,,NSE,1.000000
255,NIRAJ,NIRAJ,,-1.000000,1,,NSE,1.000000
25718,POLYMED,POLYMED,,-1.000000,1,,NSE,10.000000
25907,WAAREEENER,WAAREEENER,,-1.000000,1,,NSE,10.000000
25984,AVL,AVL,,-1.000000,1,,NSE,5.000000
2717,PRECWIRE,PRECWIRE,,-1.000000,1,,NSE,5.000000
27213,EIEL,EIEL,,-1.000000,1,,NSE,1.000000
27303,SAMPANN,SAMPANN,,-1.000000,1,,NSE,1.000000
275,AUROPHARMA,AUROPHARMA,,-1.000000,1,,NSE,10.000000
2794,RSWM,RSWM,,-1.000000,1,,NSE,1.000000
2816,RALLIS,RALLIS,,-1.000000,1,,NSE,5.000000
2844,RANEHOLDIN,RANEHOLDIN,,-1.000000,1,,NSE,10.000000
2939,RUBYMILLS,RUBYMILLS,,-1.000000,1,,NSE,1.000000
29527,GROWWRAIL,GROWWRAIL,,-1.000000,1,,NSE,1.000000
2955,KALYANKJIL,KALYANKJIL,,-1.000000,1,,NSE,5.000000
29687,UNIONGOLD,UNIONGOLD,,-1.000000,1,,NSE,5.000000
29733,NIBL,NIBL,,-1.000000,1,,NSE,1.000000
29975,AONETOTAL,AONETOTAL,,-1.000000,1,,NSE,1.000000
30065,MOCAPITAL,MOCAPITAL,,-1.000000,1,,NSE,1.000000
3010,AXISTECETF,AXISTECETF,,-1.000000,1,,NSE,1.000000
30124,EQU200INAV,EQU200INAV,,-1.000000,1,,NSE,1.000000
30125,SAMMAANCAP,SAMMAANCAP,,-1.000000,1,,NSE,1.000000
30155,AXISVALUE,AXISVALUE,,-1.000000,1,,NSE,1.000000
3024,JINDALSAW,JINDALSAW,,-1.000000,1,,NSE,1.000000
3088,INDOSTAR,INDOSTAR,,-1.000000,1,,NSE,1.000000
30573,SMALL2INAV,SMALL2INAV,,-1.000000,1,,NSE,1.000000
30590,TOP20INAV,TOP20INAV,,-1.000000,1,,NSE,1.000000
3127,UFBL,UFBL,,-1.000000,1,,NSE,1.000000
31475,ORBTEXP,ORBTEXP,,-1.000000,1,,NSE,1.000000
3172,GILT5YBEES,GILT5YBEES,,-1.000000,1,,NSE,1.000000
3220,LODHA,LODHA,,-1.000000,1,,NSE,5.000000
335,BALKRISIND,BALKRISIND,,-1.000000,1,,NSE,10.000000
3291,STARPAPER,STARPAPER,,-1.000000,1,,NSE,1.000000
3363,SUPREMEIND,SUPREMEIND,,-1.000000,1,,NSE,10.000000
338,BALMLAWRIE,BALMLAWRIE,,-1.000000,1,,NSE,1.000000
3403,AJOONI,AJOONI,,-1.000000,1,,NSE,1.000000
3405,TATACHEM,TATACHEM,,-1.000000,1,,NSE,5.000000
350,BANARISUG,BANARISUG,,-1.000000,1,,NSE,10.000000
3481,THOMASCOOK,THOMASCOOK,,-1.000000,1,,NSE,1.000000
3482,CLSEL,CLSEL,,-1.000000,1,,NSE,5.000000
3507,MAFANG,MAFANG,,-1.000000,1,,NSE,1.000000
368,BASF,BASF,,-1.000000,1,,NSE,10.000000
380,BBTC,BBTC,,-1.000000,1,,NSE,10.000000
3880,SOMANYCERA,SOMANYCERA,,-1.000000,1,,NSE,5.000000
4014,NAVA,NAVA,,-1.000000,1,,NSE,5.000000
425,KHADIM,KHADIM,,-1.000000,1,,NSE,1.000000
4116,HBSL,HBSL,,-1.000000,1,,NSE,1.000000
4749,CONCOR,CONCOR,,-1.000000,1,,NSE,5.000000
477,BIRLACABLE,BIRLACABLE,,-1.000000,1,,NSE,1.000000
4934,IPL,IPL,,-1.000000,1,,NSE,1.000000
5054,GRINFRA,GRINFRA,,-1.000000,1,,NSE,5.000000
5162,TATVA,TATVA,,-1.000000,1,,NSE,10.000000
5194,ANTGRAPHIC,ANTGRAPHIC,,-1.000000,1,,NSE,1.000000
5279,ROLEXRINGS,ROLEXRINGS,,-1.000000,1,,NSE,1.000000
5394,MOL,MOL,,-1.000000,1,,NSE,1.000000
5435,APTUS,APTUS,,-1.000000,1,,NSE,1.000000
547,BRITANNIA,BRITANNIA,,-1.000000,1,,NSE,50.000000
5449,CHEMPLASTS,CHEMPLASTS,,-1.000000,1,,NSE,1.000000
5622,CEMPRO,CEMPRO,,-1.000000,1,,NSE,5.000000
5911,PARAS,PARAS,,-1.000000,1,,NSE,5.000000
5957,BSLSENETFG,BSLSENETFG,,-1.000000,1,,NSE,1.000000
6227,DTIL,DTIL,,-1.000000,1,,NSE,1.000000
634,IGARASHI,IGARASHI,,-1.000000,1,,NSE,5.000000
6606,EQUAL50ADD,EQUAL50ADD,,-1.000000,1,,NSE,1.000000
6643,SJS,SJS,,-1.000000,1,,NSE,10.000000
6711,IVC,IVC,,-1.000000,1,,NSE,1.000000
6713,MOLDTKPAC,MOLDTKPAC,,-1.000000,1,,NSE,5.000000
6803,STEELCAS,STEELCAS,,-1.000000,1,,NSE,1.000000
6913,RPPL,RPPL,,-1.000000,1,,NSE,1.000000
708,SHRADHA,SHRADHA,,-1.000000,1,,NSE,1.000000
714,SHALBY,SHALBY,,-1.000000,1,,NSE,1.000000
7229,HCLTECH,HCLTECH,,-1.000000,1,,NSE,10.000000
755881,EVIETF,EVIETF,,-1.000000,1,,NSE,1.000000
756150,SILVER360,SILVER360,,-1.000000,1,,NSE,1.000000
19937,KILITCH,KILITCH,,-1.000000,1,,NSE,5.000000
20063,SASTASUNDR,SASTASUNDR,,-1.000000,1,,NSE,5.000000
20224,JWL,JWL,,-1.000000,1,,NSE,5.000000
2049,CHENNPETRO,CHENNPETRO,,-1.000000,1,,NSE,5.000000
20822,SURAJEST,SURAJEST,,-1.000000,1,,NSE,1.000000
21062,INNOVACAP,INNOVACAP,,-1.000000,1,,NSE,5.000000
21077,SURANASOL,SURANASOL,,-1.000000,1,,NSE,1.000000
21238,AUBANK,AUBANK,,-1.000000,1,,NSE,5.000000
21362,SALASAR,SALASAR,,-1.000000,1,,NSE,1.000000
21478,NEXT50BETA,NEXT50BETA,,-1.000000,1,,NSE,1.000000
21501,SIS,SIS,,-1.000000,1,,NSE,5.000000
21808,SBILIFE,SBILIFE,,-1.000000,1,,NSE,10.000000
21986,BANKBETF,BANKBETF,,-1.000000,1,,NSE,1.000000
22423,TOTAL,TOTAL,,-1.000000,1,,NSE,1.000000
22463,EPACK,EPACK,,-1.000000,1,,NSE,1.000000
22566,BLSE,BLSE,,-1.000000,1,,NSE,1.000000
22656,SIGNPOST,SIGNPOST,,-1.000000,1,,NSE,5.000000
22722,LICNMID100,LICNMID100,,-1.000000,1,,NSE,1.000000
22739,MON100,MON100,,-1.000000,1,,NSE,1.000000
2289,HLEGLAS,HLEGLAS,,-1.000000,1,,NSE,5.000000
22947,EXICOM,EXICOM,,-1.000000,1,,NSE,1.000000
23184,MOREALTY,MOREALTY,,-1.000000,1,,NSE,1.000000
23446,171NSETEST,171NSETEST,,-1.000000,1,,NSE,5.000000
235,AAKASH,AAKASH,,-1.000000,1,,NSE,1.000000
23489,BHARTIHEXA,BHARTIHEXA,,-1.000000,1,,NSE,10.000000
23621,JNKINDIA,JNKINDIA,,-1.000000,1,,NSE,1.000000
2385,NAVNETEDUL,NAVNETEDUL,,-1.000000,1,,NSE,1.000000
23864,AWFIS,AWFIS,,-1.000000,1,,NSE,5.000000
24154,DEEDEV,DEEDEV,,-1.000000,1,,NSE,5.000000
24184,PIIND,PIIND,,-1.000000,1,,NSE,10.000000
2421,NILKAMAL,NILKAMAL,,-1.000000,1,,NSE,10.000000
24226,STANLEY,STANLEY,,-1.000000,1,,NSE,1.000000
24366,SBISILVER,SBISILVER,,-1.000000,1,,NSE,1.000000
24386,BANSALWIRE,BANSALWIRE,,-1.000000,1,,NSE,5.000000
24398,EMCURE,EMCURE,,-1.000000,1,,NSE,10.000000
24409,DHANUKA,DHANUKA,,-1.000000,1,,NSE,10.000000
24445,AGIIL,AGIIL,,-1.000000,1,,NSE,5.000000
24596,RELTD,RELTD,,-1.000000,1,,NSE,1.000000
24715,AKUMS,AKUMS,,-1.000000,1,,NSE,5.000000
2472,OILCOUNTUB,OILCOUNTUB,,-1.000000,1,,NSE,1.000000
24809,UNIECOM,UNIECOM,,-1.000000,1,,NSE,1.000000
24847,GSEC10ABSL,GSEC10ABSL,,-1.000000,1,,NSE,1.000000
24861,METALIETF,METALIETF,,-1.000000,1,,NSE,1.000000
24870,INVENTURE,INVENTURE,,-1.000000,1,,NSE,1.000000
24944,MODEFENCE,MODEFENCE,,-1.000000,1,,NSE,1.000000
24966,SURAJLTD,SURAJLTD,,-1.000000,1,,NSE,1.000000
25080,MULTICAP,MULTICAP,,-1.000000,1,,NSE,1.000000
25258,EBANKNIFTY,EBANKNIFTY,,-1.000000,1,,NSE,1.000000
25312,PNGJL,PNGJL,,-1.000000,1,,NSE,5.000000
25492,ONELIFECAP,ONELIFECAP,,-1.000000,1,,NSE,1.000000
25800,GARUDA,GARUDA,,-1.000000,1,,NSE,1.000000
25897,MINDACORP,MINDACORP,,-1.000000,1,,NSE,5.000000
270,CHEMCON,CHEMCON,,-1.000000,1,,NSE,1.000000
2705,PRAJIND,PRAJIND,,-1.000000,1,,NSE,5.000000
277,GICRE,GICRE,,-1.000000,1,,NSE,5.000000
278,AUTOAXLES,AUTOAXLES,,-1.000000,1,,NSE,10.000000
28662,DAMCAPITAL,DAMCAPITAL,,-1.000000,1,,NSE,1.000000
29877,VIVIDHA,VIVIDHA,,-1.000000,1,,NSE,1.000000
29907,GRN200INAV,GRN200INAV,,-1.000000,1,,NSE,1.000000
2997,SANGHIIND,SANGHIIND,,-1.000000,1,,NSE,1.000000
2998,SUVIDHAA,SUVIDHAA,,-1.000000,1,,NSE,1.000000
3001,BSE500IETF,BSE500IETF,,-1.000000,1,,NSE,1.000000
3063,VEDL,VEDL,,-1.000000,1,,NSE,5.000000
312,TIINDIA,TIINDIA,,-1.000000,1,,NSE,10.000000
31138,COMPUSOFT,COMPUSOFT,,-1.000000,1,,NSE,1.000000
31181,MCX,MCX,,-1.000000,1,,NSE,10.000000
3129,TRANSWORLD,TRANSWORLD,,-1.000000,1,,NSE,1.000000
324,ANGELONE,ANGELONE,,-1.000000,1,,NSE,1.000000
3247,NITIRAJ,NITIRAJ,,-1.000000,1,,NSE,1.000000
3252,SPIC,SPIC,,-1.000000,1,,NSE,1.000000
3345,SUNDRMFAST,SUNDRMFAST,,-1.000000,1,,NSE,5.000000
3348,SUNFLAG,SUNFLAG,,-1.000000,1,,NSE,1.000000
3435,BBOX,BBOX,,-1.000000,1,,NSE,5.000000
3518,TORNTPHARM,TORNTPHARM,,-1.000000,1,,NSE,10.000000
383,BEL,BEL,,-1.000000,1,,NSE,5.000000
3757,VENKEYS,VENKEYS,,-1.000000,1,,NSE,10.000000
4064,CUBEXTUB,CUBEXTUB,,-1.000000,1,,NSE,1.000000
4394,MIRZAINT,MIRZAINT,,-1.000000,1,,NSE,1.000000
4503,MPHASIS,MPHASIS,,-1.000000,1,,NSE,10.000000
4594,KOTHARIPET,KOTHARIPET,,-1.000000,1,,NSE,1.000000
4684,SONACOMS,SONACOMS,,-1.000000,1,,NSE,5.000000
480,BIRLACORPN,BIRLACORPN,,-1.000000,1,,NSE,10.000000
4775,DCMFINSERV,DCMFINSERV,,-1.000000,1,,NSE,1.000000
4957,GANGAFORGE,GANGAFORGE,,-1.000000,1,,NSE,1.000000
526,BPCL,BPCL,,-1.000000,1,,NSE,5.000000
5049,CLEAN,CLEAN,,-1.000000,1,,NSE,5.000000
5264,PDSL,PDSL,,-1.000000,1,,NSE,5.000000
5306,FMCGIETF,FMCGIETF,,-1.000000,1,,NSE,1.000000
5366,WINDLAS,WINDLAS,,-1.000000,1,,NSE,5.000000
5585,VIJAYA,VIJAYA,,-1.000000,1,,NSE,10.000000
559,BSL,BSL,,-1.000000,1,,NSE,1.000000
5631,PAR,PAR,,-1.000000,1,,NSE,1.000000
5732,AXISCETF,AXISCETF,,-1.000000,1,,NSE,1.000000
5900,AXISBANK,AXISBANK,,-1.000000,1,,NSE,10.000000
6040,EIFFL,EIFFL,,-1.000000,1,,NSE,1.000000
6045,PASUPTAC,PASUPTAC,,-1.000000,1,,NSE,1.000000
6062,LICNETFGSC,LICNETFGSC,,-1.000000,1,,NSE,1.000000
6156,ARTNIRMAN,ARTNIRMAN,,-1.000000,1,,NSE,1.000000
6216,CAMLINFINE,CAMLINFINE,,-1.000000,1,,NSE,1.000000
6232,3IINFOLTD,3IINFOLTD,,-1.000000,1,,NSE,1.000000
6364,NATIONALUM,NATIONALUM,,-1.000000,1,,NSE,5.000000
6407,LAMBODHARA,LAMBODHARA,,-1.000000,1,,NSE,1.000000
6663,SIGACHI,SIGACHI,,-1.000000,1,,NSE,1.000000
6792,SBC,SBC,,-1.000000,1,,NSE,1.000000
7,AARTIIND,AARTIIND,,-1.000000,1,,NSE,5.000000
7105,TEGA,TEGA,,-1.000000,1,,NSE,10.000000
7129,ZODIAC,ZODIAC,,-1.000000,1,,NSE,1.000000
7200,SHRIRAMPPS,SHRIRAMPPS,,-1.000000,1,,NSE,1.000000
7218,SBIETFQLTY,SBIETFQLTY,,-1.000000,1,,NSE,1.000000
739,COROMANDEL,COROMANDEL,,-1.000000,1,,NSE,10.000000
7506,WOCKPHARMA,WOCKPHARMA,,-1.000000,1,,NSE,10.000000
756015,CIFL,CIFL,,-1.000000,1,,NSE,1.000000
756324,NPST,NPST,,-1.000000,1,,NSE,10.000000
756900,MON50EQUAL,MON50EQUAL,,-1.000000,1,,NSE,1.000000
757515,DIGITIDE,DIGITIDE,,-1.000000,1,,NSE,1.000000
758457,MOSILVER,MOSILVER,,-1.000000,1,,NSE,1.000000
758595,INTERNET,INTERNET,,-1.000000,1,,NSE,1.000000
758705,LTGILTCASE,LTGILTCASE,,-1.000000,1,,NSE,1.000000
758904,AONEGOLD,AONEGOLD,,-1.000000,1,,NSE,1.000000
758952,ELM250,ELM250,,-1.000000,1,,NSE,1.000000
759103,HILINFRA,HILINFRA,,-1.000000,1,,NSE,1.000000
759205,JKIPL,JKIPL,,-1.000000,1,,NSE,1.000000
759291,BLUESTONE,BLUESTONE,,-1.000000,1,,NSE,5.000000
759428,GROWWRLTY,GROWWRLTY,,-1.000000,1,,NSE,1.000000
759461,GEMAROMA,GEMAROMA,,-1.000000,1,,NSE,1.000000
759728,EMMVEE,EMMVEE,,-1.000000,1,,NSE,1.000000
759820,PINELABS,PINELABS,,-1.000000,1,,NSE,1.000000
759867,CAPILLARY,CAPILLARY,,-1.000000,1,,NSE,5.000000
759956,ARSSBL,ARSSBL,,-1.000000,1,,NSE,5.000000
760183,CLEANMAX,CLEANMAX,,-1.000000,1,,NSE,10.000000
760392,RUDRA,RUDRA,,-1.000000,1,,NSE,1.000000
760715,HALDER,HALDER,,-1.000000,1,,NSE,5.000000
760923,KNAGRI,KNAGRI,,-1.000000,1,,NSE,1.000000
760961,FRACTAL,FRACTAL,,-1.000000,1,,NSE,5.000000
761046,DEFENCE,DEFENCE,,-1.000000,1,,NSE,1.000000
761469,SHADOWFAX,SHADOWFAX,,-1.000000,1,,NSE,1.000000
761814,TCC,TCC,,-1.000000,1,,NSE,5.000000
772,DABUR,DABUR,,-1.000000,1,,NSE,5.000000
7672,IMAGICAA,IMAGICAA,,-1.000000,1,,NSE,1.000000
7835,WEL,WEL,,-1.000000,1,,NSE,1.000000
7880,AUTOBEES,AUTOBEES,,-1.000000,1,,NSE,1.000000
7965,MALLCOM,MALLCOM,,-1.000000,1,,NSE,10.000000
8003,SILVER,SILVER,,-1.000000,1,,NSE,1.000000
8075,DALBHARAT,DALBHARAT,,-1.000000,1,,NSE,10.000000
8124,AJANTPHARM,AJANTPHARM,,-1.000000,1,,NSE,10.000000
817,DCW,DCW,,-1.000000,1,,NSE,1.000000
827,DEEPAKFERT,DEEPAKFERT,,-1.000000,1,,NSE,5.000000
8311,BLUESTARCO,BLUESTARCO,,-1.000000,1,,NSE,10.000000
857,DHAMPURSUG,DHAMPURSUG,,-1.000000,1,,NSE,1.000000
8591,AKSHOPTFBR,AKSHOPTFBR,,-1.000000,1,,NSE,1.000000
8614,INDOBORAX,INDOBORAX,,-1.000000,1,,NSE,1.000000
8687,MUKTAARTS,MUKTAARTS,,-1.000000,1,,NSE,1.000000
9480,LICI,LICI,,-1.000000,1,,NSE,5.000000
9309,STLTECH,STLTECH,,-1.000000,1,,NSE,1.000000
9408,RAINBOW,RAINBOW,,-1.000000,1,,NSE,10.000000
9553,PRUDENT,PRUDENT,,-1.000000,1,,NSE,10.000000
9819,HAVELLS,HAVELLS,,-1.000000,1,,NSE,10.000000
9847,NV20BEES,NV20BEES,,-1.000000,1,,NSE,1.000000
9897,AIRAN,AIRAN,,-1.000000,1,,NSE,1.000000
757754,PICCADIL,PICCADIL,,-1.000000,1,,NSE,5.000000
757946,QUALITY30,QUALITY30,,-1.000000,1,,NSE,1.000000
758115,JSLL,JSLL,,-1.000000,1,,NSE,5.000000
758460,JSWCEMENT,JSWCEMENT,,-1.000000,1,,NSE,1.000000
758563,ELLEN,ELLEN,,-1.000000,1,,NSE,1.000000
758909,AMANTA,AMANTA,,-1.000000,1,,NSE,1.000000
758941,CPEDU,CPEDU,,-1.000000,1,,NSE,1.000000
758955,SML100CASE,SML100CASE,,-1.000000,1,,NSE,1.000000
758968,AHCL,AHCL,,-1.000000,1,,NSE,1.000000
759371,MONIFTY100,MONIFTY100,,-1.000000,1,,NSE,1.000000
759434,WEWORK,WEWORK,,-1.000000,1,,NSE,5.000000
759453,VIKRAMSOLR,VIKRAMSOLR,,-1.000000,1,,NSE,1.000000
759458,GROWWNXT50,GROWWNXT50,,-1.000000,1,,NSE,1.000000
759587,STUDDS,STUDDS,,-1.000000,1,,NSE,5.000000
759747,SHIVAUM,SHIVAUM,,-1.000000,1,,NSE,5.000000
759723,PWL,PWL,,-1.000000,1,,NSE,1.000000
759951,JARO,JARO,,-1.000000,1,,NSE,5.000000
759992,AONETMMQ50,AONETMMQ50,,-1.000000,1,,NSE,1.000000
760054,MOMNC,MOMNC,,-1.000000,1,,NSE,1.000000
760247,ABSL10BANK,ABSL10BANK,,-1.000000,1,,NSE,1.000000
760193,AONESILVER,AONESILVER,,-1.000000,1,,NSE,1.000000
760234,AEQUS,AEQUS,,-1.000000,1,,NSE,1.000000
760946,KWIL,KWIL,,-1.000000,1,,NSE,1.000000
761270,ALGOQUANT,ALGOQUANT,,-1.000000,1,,NSE,1.000000
761821,AARNAV,AARNAV,,-1.000000,1,,NSE,1.000000
7627,SHREERAMA,SHREERAMA,,-1.000000,1,,NSE,1.000000
7852,INOXWIND,INOXWIND,,-1.000000,1,,NSE,1.000000
7936,AVANTIFEED,AVANTIFEED,,-1.000000,1,,NSE,10.000000
7982,GRWRHITECH,GRWRHITECH,,-1.000000,1,,NSE,10.000000
809,BSHSL,BSHSL,,-1.000000,1,,NSE,1.000000
8050,MAHLIFE,MAHLIFE,,-1.000000,1,,NSE,5.000000
8054,KTKBANK,KTKBANK,,-1.000000,1,,NSE,1.000000
811,DCMSHRIRAM,DCMSHRIRAM,,-1.000000,1,,NSE,10.000000
8119,RPSGVENT,RPSGVENT,,-1.000000,1,,NSE,5.000000
8182,MOMOMENTUM,MOMOMENTUM,,-1.000000,1,,NSE,1.000000
8477,XELPMOC,XELPMOC,,-1.000000,1,,NSE,1.000000
874,ASTRON,ASTRON,,-1.000000,1,,NSE,1.000000
8828,GAEL,GAEL,,-1.000000,1,,NSE,1.000000
916,EIDPARRY,EIDPARRY,,-1.000000,1,,NSE,5.000000
9116,INDOAMIN,INDOAMIN,,-1.000000,1,,NSE,1.000000
926,ORCHPHARMA,ORCHPHARMA,,-1.000000,1,,NSE,5.000000
937,ELGIEQUIP,ELGIEQUIP,,-1.000000,1,,NSE,5.000000
9354,TAJGVK,TAJGVK,,-1.000000,1,,NSE,5.000000
9641,KHANDSE,KHANDSE,,-1.000000,1,,NSE,1.000000
993,EVERESTIND,EVERESTIND,,-1.000000,1,,NSE,5.000000
9917,NEOGEN,NEOGEN,,-1.000000,1,,NSE,10.000000
29019,ECAPINSURE,ECAPINSURE,,-1.000000,1,,NSE,1.000000
29087,QUADFUTURE,QUADFUTURE,,-1.000000,1,,NSE,5.000000
29113,CARERATING,CARERATING,,-1.000000,1,,NSE,10.000000
29124,PCJEWELLER,PCJEWELLER,,-1.000000,1,,NSE,1.000000
29171,LAXMIDENTL,LAXMIDENTL,,-1.000000,1,,NSE,1.000000
29256,DENTA,DENTA,,-1.000000,1,,NSE,5.000000
29459,MOSCHIP,MOSCHIP,,-1.000000,1,,NSE,1.000000
2969,SAKHTISUG,SAKHTISUG,,-1.000000,1,,NSE,1.000000
29956,NIF100INAV,NIF100INAV,,-1.000000,1,,NSE,1.000000
29962,JUSTDIAL,JUSTDIAL,,-1.000000,1,,NSE,5.000000
3002,WONDERLA,WONDERLA,,-1.000000,1,,NSE,5.000000
3009,KOHINOOR,KOHINOOR,,-1.000000,1,,NSE,1.000000
30109,SELECTIPO,SELECTIPO,,-1.000000,1,,NSE,1.000000
30139,CASHIETF,CASHIETF,,-1.000000,1,,NSE,1.000000
3022,SDL26BEES,SDL26BEES,,-1.000000,1,,NSE,1.000000
30244,BHARATSE,BHARATSE,,-1.000000,1,,NSE,1.000000
305,BAJAJHLDNG,BAJAJHLDNG,,-1.000000,1,,NSE,100.000000
30544,SML100INAV,SML100INAV,,-1.000000,1,,NSE,1.000000
3126,SHREYANIND,SHREYANIND,,-1.000000,1,,NSE,1.000000
3149,BORORENEW,BORORENEW,,-1.000000,1,,NSE,5.000000
3186,SKFINDIA,SKFINDIA,,-1.000000,1,,NSE,10.000000
3375,SURYAROSNI,SURYAROSNI,,-1.000000,1,,NSE,1.000000
3411,TATAELXSI,TATAELXSI,,-1.000000,1,,NSE,10.000000
3417,HONAUT,HONAUT,,-1.000000,1,,NSE,500.000000
3432,TATACONSUM,TATACONSUM,,-1.000000,1,,NSE,10.000000
3456,TMPV,TMPV,,-1.000000,1,,NSE,5.000000
3496,TIRUMALCHM,TIRUMALCHM,,-1.000000,1,,NSE,1.000000
3512,TNTELE,TNTELE,,-1.000000,1,,NSE,1.000000
3570,UCAL,UCAL,,-1.000000,1,,NSE,1.000000
3637,JUBLPHARMA,JUBLPHARMA,,-1.000000,1,,NSE,5.000000
3724,VSTIND,VSTIND,,-1.000000,1,,NSE,1.000000
3736,WALCHANNAG,WALCHANNAG,,-1.000000,1,,NSE,1.000000
3834,BHARATRAS,BHARATRAS,,-1.000000,1,,NSE,10.000000
3908,PREMIERPOL,PREMIERPOL,,-1.000000,1,,NSE,1.000000
3963,GOCLCORP,GOCLCORP,,-1.000000,1,,NSE,5.000000
4055,PANACEABIO,PANACEABIO,,-1.000000,1,,NSE,5.000000
4344,PUNJABCHEM,PUNJABCHEM,,-1.000000,1,,NSE,10.000000
4157,KEYFINSERV,KEYFINSERV,,-1.000000,1,,NSE,5.000000
436,IFGLEXPOR,IFGLEXPOR,,-1.000000,1,,NSE,1.000000
4751,INDRAMEDCO,INDRAMEDCO,,-1.000000,1,,NSE,5.000000
4548,GUJRAFFIA,GUJRAFFIA,,-1.000000,1,,NSE,1.000000
4907,ENGINERSIN,ENGINERSIN,,-1.000000,1,,NSE,1.000000
495,BLUEDART,BLUEDART,,-1.000000,1,,NSE,50.000000
4953,ADROITINFO,ADROITINFO,,-1.000000,1,,NSE,1.000000
509,MAZDOCK,MAZDOCK,,-1.000000,1,,NSE,10.000000
5142,CIGNITITEC,CIGNITITEC,,-1.000000,1,,NSE,10.000000
5186,STYLAMIND,STYLAMIND,,-1.000000,1,,NSE,10.000000
527,UTIAMC,UTIAMC,,-1.000000,1,,NSE,5.000000
530,BPL,BPL,,-1.000000,1,,NSE,1.000000
5606,INTLCONV,INTLCONV,,-1.000000,1,,NSE,1.000000
5614,GANESHBE,GANESHBE,,-1.000000,1,,NSE,1.000000
5701,CUB,CUB,,-1.000000,1,,NSE,5.000000
578,LIKHITHA,LIKHITHA,,-1.000000,1,,NSE,1.000000
6018,ABSLAMC,ABSLAMC,,-1.000000,1,,NSE,5.000000
6068,AIROLAM,AIROLAM,,-1.000000,1,,NSE,1.000000
6262,SELMC,SELMC,,-1.000000,1,,NSE,1.000000
6446,CONSUMIETF,CONSUMIETF,,-1.000000,1,,NSE,1.000000
6545,NYKAA,NYKAA,,-1.000000,1,,NSE,5.000000
6579,FINOPB,FINOPB,,-1.000000,1,,NSE,1.000000
6836,FOCUS,FOCUS,,-1.000000,1,,NSE,1.000000
6944,GANECOS,GANECOS,,-1.000000,1,,NSE,5.000000
6961,MENONBE,MENONBE,,-1.000000,1,,NSE,1.000000
6994,BSOFT,BSOFT,,-1.000000,1,,NSE,5.000000
7083,STARHEALTH,STARHEALTH,,-1.000000,1,,NSE,5.000000
715,SUDARCOLOR,SUDARCOLOR,,-1.000000,1,,NSE,5.000000
7109,JMA,JMA,,-1.000000,1,,NSE,1.000000
7145,ANANDRATHI,ANANDRATHI,,-1.000000,1,,NSE,10.000000
7353,SETFNN50,SETFNN50,,-1.000000,1,,NSE,1.000000
7361,SETFNIFBK,SETFNIFBK,,-1.000000,1,,NSE,1.000000
7422,MONQ50,MONQ50,,-1.000000,1,,NSE,1.000000
7425,HECPROJECT,HECPROJECT,,-1.000000,1,,NSE,1.000000
7463,MANAKSTEEL,MANAKSTEEL,,-1.000000,1,,NSE,1.000000
7480,BLUECOAST,BLUECOAST,,-1.000000,1,,NSE,1.000000
757,CRISIL,CRISIL,,-1.000000,1,,NSE,10.000000
757431,MOPSE,MOPSE,,-1.000000,1,,NSE,1.000000
757520,BLUSPRING,BLUSPRING,,-1.000000,1,,NSE,1.000000
757545,TRAVELFOOD,TRAVELFOOD,,-1.000000,1,,NSE,10.000000
757614,ARIS,ARIS,,-1.000000,1,,NSE,1.000000
757645,ATHERENERG,ATHERENERG,,-1.000000,1,,NSE,5.000000
757669,MOALPHA50,MOALPHA50,,-1.000000,1,,NSE,1.000000
757801,IGCL,IGCL,,-1.000000,1,,NSE,1.000000
757817,MOMIDMTM,MOMIDMTM,,-1.000000,1,,NSE,1.000000
757965,SMARTWORKS,SMARTWORKS,,-1.000000,1,,NSE,5.000000
758300,GROWWLOVOL,GROWWLOVOL,,-1.000000,1,,NSE,1.000000
758496,SBILIQETF,SBILIQETF,,-1.000000,1,,NSE,1.000000
758700,ARFIN,ARFIN,,-1.000000,1,,NSE,1.000000
758973,VIKRAN,VIKRAN,,-1.000000,1,,NSE,1.000000
759079,DEVX,DEVX,,-1.000000,1,,NSE,1.000000
759152,VMSTMT,VMSTMT,,-1.000000,1,,NSE,1.000000
759176,TIGERLOGS,TIGERLOGS,,-1.000000,1,,NSE,1.000000
759244,JAINREC,JAINREC,,-1.000000,1,,NSE,5.000000
759411,OMFREIGHT,OMFREIGHT,,-1.000000,1,,NSE,1.000000
759605,LENSKART,LENSKART,,-1.000000,1,,NSE,5.000000
759806,GROWW,GROWW,,-1.000000,1,,NSE,1.000000
759842,BETA,BETA,,-1.000000,1,,NSE,10.000000
759876,UTLSOLAR,UTLSOLAR,,-1.000000,1,,NSE,1.000000
759880,TENNIND,TENNIND,,-1.000000,1,,NSE,5.000000
757031,MOINFRA,MOINFRA,,-1.000000,1,,NSE,1.000000
757096,AONENIFTY,AONENIFTY,,-1.000000,1,,NSE,1.000000
757725,LIQGRWBEES,LIQGRWBEES,,-1.000000,1,,NSE,1.000000
757772,HDBFS,HDBFS,,-1.000000,1,,NSE,5.000000
757794,BRIGHOTEL,BRIGHOTEL,,-1.000000,1,,NSE,1.000000
757814,GROWWNET,GROWWNET,,-1.000000,1,,NSE,1.000000
757955,PASHUPATI,PASHUPATI,,-1.000000,1,,NSE,5.000000
757938,BELLACASA,BELLACASA,,-1.000000,1,,NSE,5.000000
757989,CHEMBONDCH,CHEMBONDCH,,-1.000000,1,,NSE,1.000000
758002,SHANTIGOLD,SHANTIGOLD,,-1.000000,1,,NSE,1.000000
758448,ALLTIME,ALLTIME,,-1.000000,1,,NSE,1.000000
758558,KALPATARU,KALPATARU,,-1.000000,1,,NSE,5.000000
758853,SGFIN,SGFIN,,-1.000000,1,,NSE,5.000000
758858,CPPLUS,CPPLUS,,-1.000000,1,,NSE,10.000000
758958,STLNETWORK,STLNETWORK,,-1.000000,1,,NSE,1.000000
759012,GANESHCP,GANESHCP,,-1.000000,1,,NSE,1.000000
759397,SOLEX,SOLEX,,-1.000000,1,,NSE,5.000000
759402,ADVANCE,ADVANCE,,-1.000000,1,,NSE,1.000000
759439,PATELRMART,PATELRMART,,-1.000000,1,,NSE,1.000000
759477,CANHLIFE,CANHLIFE,,-1.000000,1,,NSE,1.000000
759488,MOMENTUM30,MOMENTUM30,,-1.000000,1,,NSE,1.000000
759522,GROWWSC250,GROWWSC250,,-1.000000,1,,NSE,1.000000
759847,SHILCTECH,SHILCTECH,,-1.000000,1,,NSE,10.000000
759969,PAUSHAKLTD,PAUSHAKLTD,,-1.000000,1,,NSE,5.000000
759998,ENIFTY,ENIFTY,,-1.000000,1,,NSE,1.000000
760254,CORONA,CORONA,,-1.000000,1,,NSE,10.000000
760438,GROWWMETAL,GROWWMETAL,,-1.000000,1,,NSE,1.000000
760599,NEXT50ADD,NEXT50ADD,,-1.000000,1,,NSE,1.000000
760709,NEXT50ETF,NEXT50ETF,,-1.000000,1,,NSE,1.000000
760891,DSFCL,DSFCL,,-1.000000,1,,NSE,1.000000
760896,DCMSIL,DCMSIL,,-1.000000,1,,NSE,1.000000
761037,CEINSYS,CEINSYS,,-1.000000,1,,NSE,5.000000
761066,ABSLMSCIN,ABSLMSCIN,,-1.000000,1,,NSE,1.000000
8167,MANYAVAR,MANYAVAR,,-1.000000,1,,NSE,5.000000
8175,SAGARDEEP,SAGARDEEP,,-1.000000,1,,NSE,1.000000
8479,TVSMOTOR,TVSMOTOR,,-1.000000,1,,NSE,10.000000
8632,LOWVOL1,LOWVOL1,,-1.000000,1,,NSE,1.000000
8806,SONAMLTD,SONAMLTD,,-1.000000,1,,NSE,1.000000
8825,PRIVISCL,PRIVISCL,,-1.000000,1,,NSE,10.000000
8866,CHOICEIN,CHOICEIN,,-1.000000,1,,NSE,5.000000
8882,TNIDETF,TNIDETF,,-1.000000,1,,NSE,1.000000
9049,ROTO,ROTO,,-1.000000,1,,NSE,1.000000
9305,STARTECK,STARTECK,,-1.000000,1,,NSE,5.000000
9552,RVNL,RVNL,,-1.000000,1,,NSE,5.000000
967,SUBEXLTD,SUBEXLTD,,-1.000000,1,,NSE,1.000000
9668,HIKAL,HIKAL,,-1.000000,1,,NSE,1.000000
9683,KPITTECH,KPITTECH,,-1.000000,1,,NSE,5.000000
9921,ALANKIT,ALANKIT,,-1.000000,1,,NSE,1.000000
757167,MONEXT50,MONEXT50,,-1.000000,1,,NSE,1.000000
757845,INDIQUBE,INDIQUBE,,-1.000000,1,,NSE,1.000000
758165,GROWWPOWER,GROWWPOWER,,-1.000000,1,,NSE,1.000000
759057,SAATVIKGL,SAATVIKGL,,-1.000000,1,,NSE,5.000000
759062,RHETAN,RHETAN,,-1.000000,1,,NSE,1.000000
759093,SHRINGARMS,SHRINGARMS,,-1.000000,1,,NSE,1.000000
759239,FINKURVE,FINKURVE,,-1.000000,1,,NSE,1.000000
759256,BMWVENTLTD,BMWVENTLTD,,-1.000000,1,,NSE,1.000000
759265,TATACAP,TATACAP,,-1.000000,1,,NSE,5.000000
759316,RUBICON,RUBICON,,-1.000000,1,,NSE,5.000000
759355,SYSTMTXC,SYSTMTXC,,-1.000000,1,,NSE,1.000000
759769,ADVENTHTL,ADVENTHTL,,-1.000000,1,,NSE,1.000000
759780,ENERGY,ENERGY,,-1.000000,1,,NSE,1.000000
759891,MOIPO,MOIPO,,-1.000000,1,,NSE,1.000000
759934,STYL,STYL,,-1.000000,1,,NSE,1.000000
760,CGPOWER,CGPOWER,,-1.000000,1,,NSE,5.000000
7603,CMSINFO,CMSINFO,,-1.000000,1,,NSE,5.000000
760346,NEPHROPLUS,NEPHROPLUS,,-1.000000,1,,NSE,5.000000
760415,TOP20,TOP20,,-1.000000,1,,NSE,1.000000
760433,KSHINTL,KSHINTL,,-1.000000,1,,NSE,5.000000
760594,BUILDPRO,BUILDPRO,,-1.000000,1,,NSE,5.000000
760657,ADVAIT,ADVAIT,,-1.000000,1,,NSE,10.000000
760673,GROWWCHEM,GROWWCHEM,,-1.000000,1,,NSE,1.000000
778,KEEPLEARN,KEEPLEARN,,-1.000000,1,,NSE,1.000000
7979,MAKEINDIA,MAKEINDIA,,-1.000000,1,,NSE,1.000000
8146,DEVIT,DEVIT,,-1.000000,1,,NSE,1.000000
8341,CALSOFT,CALSOFT,,-1.000000,1,,NSE,1.000000
8413,MIDCAPETF,MIDCAPETF,,-1.000000,1,,NSE,1.000000
8654,MOLOWVOL,MOLOWVOL,,-1.000000,1,,NSE,1.000000
8827,AVROIND,AVROIND,,-1.000000,1,,NSE,1.000000
8840,USHAMART,USHAMART,,-1.000000,1,,NSE,5.000000
896,KHAICHEM,KHAICHEM,,-1.000000,1,,NSE,1.000000
8890,VERANDA,VERANDA,,-1.000000,1,,NSE,1.000000
8968,HARIOMPIPE,HARIOMPIPE,,-1.000000,1,,NSE,5.000000
9046,AGROPHOS,AGROPHOS,,-1.000000,1,,NSE,1.000000
9168,SNXT50BETA,SNXT50BETA,,-1.000000,1,,NSE,1.000000
9253,NILAINFRA,NILAINFRA,,-1.000000,1,,NSE,1.000000
9362,CAMPUS,CAMPUS,,-1.000000,1,,NSE,5.000000
9428,SKIPPER,SKIPPER,,-1.000000,1,,NSE,5.000000
9581,METROPOLIS,METROPOLIS,,-1.000000,1,,NSE,10.000000
9879,CHEVIOT,CHEVIOT,,-1.000000,1,,NSE,10.000000
760039,SUDEEPPHRM,SUDEEPPHRM,,-1.000000,1,,NSE,5.000000
760125,FABTECH,FABTECH,,-1.000000,1,,NSE,1.000000
760229,MEESHO,MEESHO,,-1.000000,1,,NSE,1.000000
760359,SMALLADD,SMALLADD,,-1.000000,1,,NSE,1.000000
760976,GROWWPSE,GROWWPSE,,-1.000000,1,,NSE,1.000000
761030,INFRA,INFRA,,-1.000000,1,,NSE,1.000000
7679,MONARCH,MONARCH,,-1.000000,1,,NSE,5.000000
804,SHIVATEX,SHIVATEX,,-1.000000,1,,NSE,1.000000
7848,BIL,BIL,,-1.000000,1,,NSE,5.000000
8024,CINEVISTA,CINEVISTA,,-1.000000,1,,NSE,1.000000
8696,VRLLOG,VRLLOG,,-1.000000,1,,NSE,5.000000
8727,SHAILY,SHAILY,,-1.000000,1,,NSE,10.000000
8797,OBCL,OBCL,,-1.000000,1,,NSE,1.000000
9014,ANUP,ANUP,,-1.000000,1,,NSE,10.000000
9342,PNC,PNC,,-1.000000,1,,NSE,1.000000
9385,PNCINFRA,PNCINFRA,,-1.000000,1,,NSE,1.000000
9378,TRU,TRU,,-1.000000,1,,NSE,1.000000
9436,AXISCADES,AXISCADES,,-1.000000,1,,NSE,10.000000
958,ESCORTS,ESCORTS,,-1.000000,1,,NSE,10.000000
9599,DELHIVERY,DELHIVERY,,-1.000000,1,,NSE,5.000000
9750,ETHOSLTD,ETHOSLTD,,-1.000000,1,,NSE,10.000000
981,EPL,EPL,,-1.000000,1,,NSE,1.000000
9810,AETHER,AETHER,,-1.000000,1,,NSE,5.000000
9874,GOLDTECH,GOLDTECH,,-1.000000,1,,NSE,1.000000
9931,VIKASLIFE,VIKASLIFE,,-1.000000,1,,NSE,1.000000
